Col_id,Col_time,Col_item,Col_power,Col_current,Col_voltage,Col_electricity
0,2025-12-04 23:55:13,AIR,2.1,28.0,102.2,889.0
1,2025-12-04 23:55:13,ICE,58.5,751.0,101.8,893.0
2,2025-12-04 23:55:13,WAT,0.0,0.0,101.6,1426.0
3,2025-12-04 23:55:13,MAC,5.2,66.0,101.7,889.0
4,2025-12-04 23:58:14,AIR,2.1,28.0,102.2,889.0
5,2025-12-04 23:58:14,ICE,3.0,29.0,101.8,896.0
6,2025-12-04 23:58:14,WAT,0.0,0.0,101.6,1426.0
7,2025-12-04 23:58:14,MAC,5.2,66.0,101.7,889.0
8,2025-12-05 00:01:15,AIR,2.1,28.0,102.2,889.0
9,2025-12-05 00:01:15,ICE,3.0,29.0,101.8,896.0
10,2025-12-05 00:01:15,WAT,0.0,0.0,101.6,1426.0
11,2025-12-05 00:01:15,MAC,6.9,68.0,101.4,900.0
12,2025-12-05 00:04:16,AIR,2.1,28.0,102.2,889.0
13,2025-12-05 00:04:16,ICE,3.0,29.0,101.8,896.0
14,2025-12-05 00:04:16,WAT,0.0,0.0,101.6,1426.0
15,2025-12-05 00:04:16,MAC,6.9,68.0,101.4,900.0
16,2025-12-05 00:07:17,AIR,2.1,28.0,102.2,889.0
17,2025-12-05 00:07:17,ICE,3.0,29.0,101.8,896.0
18,2025-12-05 00:07:17,WAT,0.0,0.0,101.6,1426.0
19,2025-12-05 00:07:17,MAC,6.9,68.0,101.4,900.0
20,2025-12-05 00:10:18,AIR,2.1,28.0,102.2,889.0
21,2025-12-05 00:10:18,ICE,3.0,29.0,101.8,896.0
22,2025-12-05 00:10:18,WAT,0.0,0.0,101.6,1426.0
23,2025-12-05 00:10:18,MAC,6.9,68.0,101.4,900.0
24,2025-12-05 00:13:19,AIR,2.1,28.0,102.2,889.0
25,2025-12-05 00:13:19,ICE,42.3,539.0,102.1,912.0
26,2025-12-05 00:13:19,WAT,0.0,0.0,101.6,1426.0
27,2025-12-05 00:13:19,MAC,6.9,68.0,101.4,900.0
28,2025-12-05 00:16:20,AIR,2.1,28.0,102.2,889.0
29,2025-12-05 00:16:20,ICE,42.3,539.0,102.1,912.0
30,2025-12-05 00:16:20,WAT,0.0,0.0,101.6,1426.0
31,2025-12-05 00:16:20,MAC,6.9,68.0,101.4,900.0
32,2025-12-05 00:19:21,AIR,2.1,28.0,102.2,889.0
33,2025-12-05 00:19:21,ICE,42.3,539.0,102.1,912.0
34,2025-12-05 00:19:21,WAT,0.0,0.0,101.6,1426.0
35,2025-12-05 00:19:21,MAC,6.9,68.0,101.4,900.0
36,2025-12-05 00:22:22,AIR,2.1,28.0,102.2,889.0
37,2025-12-05 00:22:22,ICE,42.3,539.0,102.1,912.0
38,2025-12-05 00:22:22,WAT,0.0,0.0,101.6,1426.0
39,2025-12-05 00:22:22,MAC,6.9,68.0,101.4,900.0
40,2025-12-05 00:25:23,AIR,2.1,28.0,102.2,889.0
41,2025-12-05 00:25:23,ICE,42.3,539.0,102.1,912.0
42,2025-12-05 00:25:23,WAT,0.0,0.0,101.6,1426.0
43,2025-12-05 00:25:23,MAC,6.9,68.0,101.4,900.0
44,2025-12-05 00:28:24,AIR,2.1,28.0,102.2,889.0
45,2025-12-05 00:28:24,ICE,42.3,539.0,102.1,912.0
46,2025-12-05 00:28:24,WAT,0.0,0.0,101.6,1426.0
47,2025-12-05 00:28:24,MAC,6.9,68.0,101.4,900.0
48,2025-12-05 00:31:25,AIR,2.1,28.0,102.2,889.0
49,2025-12-05 00:31:25,ICE,42.3,539.0,102.1,912.0
50,2025-12-05 00:31:25,WAT,0.0,0.0,101.6,1426.0
51,2025-12-05 00:31:25,MAC,6.9,68.0,101.4,900.0
52,2025-12-05 00:34:26,AIR,2.1,28.0,102.2,889.0
53,2025-12-05 00:34:26,ICE,42.3,539.0,102.1,912.0
54,2025-12-05 00:34:26,WAT,0.0,0.0,101.6,1426.0
55,2025-12-05 00:34:26,MAC,6.9,68.0,101.4,900.0
56,2025-12-05 00:37:27,AIR,2.1,28.0,102.2,889.0
57,2025-12-05 00:37:27,ICE,42.3,539.0,102.1,912.0
58,2025-12-05 00:37:27,WAT,0.0,0.0,101.6,1426.0
59,2025-12-05 00:37:27,MAC,6.9,68.0,101.4,900.0
60,2025-12-05 00:40:28,AIR,2.1,28.0,102.2,889.0
61,2025-12-05 00:40:28,ICE,42.3,539.0,102.1,912.0
62,2025-12-05 00:40:28,WAT,0.0,0.0,101.6,1426.0
63,2025-12-05 00:40:28,MAC,6.9,68.0,101.4,900.0
64,2025-12-05 00:43:29,AIR,2.1,28.0,102.2,889.0
65,2025-12-05 00:43:29,ICE,42.3,539.0,102.1,912.0
66,2025-12-05 00:43:29,WAT,0.0,0.0,101.6,1426.0
67,2025-12-05 00:43:29,MAC,6.9,68.0,101.4,900.0
68,2025-12-05 00:46:29,AIR,2.1,28.0,102.2,889.0
69,2025-12-05 00:46:29,ICE,1.4,29.0,102.6,945.0
70,2025-12-05 00:46:29,WAT,0.0,0.0,101.6,1426.0
71,2025-12-05 00:46:29,MAC,6.9,68.0,101.4,900.0
72,2025-12-05 00:49:30,AIR,2.1,28.0,102.2,889.0
73,2025-12-05 00:49:30,ICE,1.4,29.0,102.6,945.0
74,2025-12-05 00:49:30,WAT,0.0,0.0,101.6,1426.0
75,2025-12-05 00:49:30,MAC,6.9,68.0,101.4,900.0
76,2025-12-05 00:52:31,AIR,2.1,28.0,102.2,889.0
77,2025-12-05 00:52:31,ICE,1.4,29.0,102.6,945.0
78,2025-12-05 00:52:31,WAT,0.0,0.0,101.6,1426.0
79,2025-12-05 00:52:31,MAC,6.9,68.0,101.4,900.0
80,2025-12-05 00:55:32,AIR,2.1,28.0,102.2,889.0
81,2025-12-05 00:55:32,ICE,1.4,29.0,102.6,945.0
82,2025-12-05 00:55:32,WAT,0.0,0.0,101.6,1426.0
83,2025-12-05 00:55:32,MAC,6.9,68.0,101.4,900.0
84,2025-12-05 00:58:33,AIR,2.1,28.0,102.2,889.0
85,2025-12-05 00:58:33,ICE,1.4,29.0,102.6,945.0
86,2025-12-05 00:58:33,WAT,0.0,0.0,101.6,1426.0
87,2025-12-05 00:58:33,MAC,6.9,68.0,101.4,900.0
88,2025-12-05 05:40:47,AIR,2.1,28.0,102.2,889.0
89,2025-12-05 05:40:47,ICE,1.4,29.0,102.6,945.0
90,2025-12-05 05:40:47,WAT,0.0,0.0,101.6,1426.0
91,2025-12-05 05:40:47,MAC,6.9,68.0,101.4,900.0
92,2025-12-05 05:43:48,AIR,2.1,28.0,102.2,889.0
93,2025-12-05 05:43:48,ICE,1.4,29.0,102.6,945.0
94,2025-12-05 05:43:48,WAT,0.0,0.0,101.6,1426.0
95,2025-12-05 05:43:48,MAC,6.9,68.0,101.4,900.0
96,2025-12-05 05:46:49,AIR,2.1,28.0,102.2,889.0
97,2025-12-05 05:46:49,ICE,1.4,29.0,102.6,945.0
98,2025-12-05 05:46:49,WAT,0.0,0.0,101.6,1426.0
99,2025-12-05 05:46:49,MAC,6.9,68.0,101.4,900.0
100,2025-12-05 05:49:50,AIR,2.1,28.0,102.2,889.0
101,2025-12-05 05:49:50,ICE,41.3,522.0,102.9,1249.0
102,2025-12-05 05:49:50,WAT,0.0,0.0,101.6,1426.0
103,2025-12-05 05:49:50,MAC,6.9,68.0,101.4,900.0
104,2025-12-05 05:52:51,AIR,2.1,28.0,102.2,889.0
105,2025-12-05 05:52:51,ICE,41.3,522.0,102.9,1249.0
106,2025-12-05 05:52:51,WAT,0.0,0.0,101.6,1426.0
107,2025-12-05 05:52:51,MAC,6.9,68.0,101.4,900.0
108,2025-12-05 05:55:51,AIR,2.1,28.0,102.2,889.0
109,2025-12-05 05:55:51,ICE,41.3,522.0,102.9,1249.0
110,2025-12-05 05:55:51,WAT,0.0,0.0,101.6,1426.0
111,2025-12-05 05:55:51,MAC,6.9,68.0,101.4,900.0
112,2025-12-05 05:58:52,AIR,2.1,28.0,102.2,889.0
113,2025-12-05 05:58:52,ICE,41.3,522.0,102.9,1249.0
114,2025-12-05 05:58:52,WAT,0.0,0.0,101.6,1426.0
115,2025-12-05 05:58:52,MAC,6.9,68.0,101.4,900.0
116,2025-12-05 06:01:54,AIR,2.1,28.0,102.2,889.0
117,2025-12-05 06:01:54,ICE,41.3,522.0,102.9,1249.0
118,2025-12-05 06:01:54,WAT,0.0,0.0,101.6,1426.0
119,2025-12-05 06:01:54,MAC,6.9,68.0,101.4,900.0
120,2025-12-05 06:04:54,AIR,2.1,28.0,102.2,889.0
121,2025-12-05 06:04:54,ICE,41.3,522.0,102.9,1249.0
122,2025-12-05 06:04:54,WAT,0.0,0.0,101.6,1426.0
123,2025-12-05 06:04:54,MAC,6.9,68.0,101.4,900.0
124,2025-12-05 06:07:55,AIR,2.1,28.0,102.2,889.0
125,2025-12-05 06:07:55,ICE,41.3,522.0,102.9,1249.0
126,2025-12-05 06:07:55,WAT,0.0,0.0,101.6,1426.0
127,2025-12-05 06:07:55,MAC,6.9,68.0,101.4,900.0
128,2025-12-05 06:10:56,AIR,2.1,28.0,102.2,889.0
129,2025-12-05 06:10:56,ICE,41.3,522.0,102.9,1249.0
130,2025-12-05 06:10:56,WAT,0.0,0.0,101.6,1426.0
131,2025-12-05 06:10:56,MAC,6.9,68.0,101.4,900.0
132,2025-12-05 06:13:57,AIR,2.1,28.0,102.2,889.0
133,2025-12-05 06:13:57,ICE,2.2,30.0,102.6,1271.0
134,2025-12-05 06:13:57,WAT,0.0,0.0,101.6,1426.0
135,2025-12-05 06:13:57,MAC,6.9,68.0,101.4,900.0
136,2025-12-05 06:16:58,AIR,2.1,28.0,102.2,889.0
137,2025-12-05 06:16:58,ICE,2.2,30.0,102.6,1271.0
138,2025-12-05 06:16:58,WAT,0.0,0.0,101.6,1426.0
139,2025-12-05 06:16:58,MAC,6.9,68.0,101.4,900.0
140,2025-12-05 06:19:59,AIR,2.1,28.0,102.2,889.0
141,2025-12-05 06:19:59,ICE,2.2,30.0,102.6,1271.0
142,2025-12-05 06:19:59,WAT,0.0,0.0,101.6,1426.0
143,2025-12-05 06:19:59,MAC,6.9,68.0,101.4,900.0
144,2025-12-05 06:23:00,AIR,2.1,28.0,102.2,889.0
145,2025-12-05 06:23:00,ICE,2.2,30.0,102.6,1271.0
146,2025-12-05 06:23:00,WAT,0.0,0.0,101.6,1426.0
147,2025-12-05 06:23:00,MAC,6.9,68.0,101.4,900.0
148,2025-12-05 06:26:01,AIR,2.1,28.0,102.2,889.0
149,2025-12-05 06:26:01,ICE,2.2,30.0,102.6,1271.0
150,2025-12-05 06:26:01,WAT,0.0,0.0,101.6,1426.0
151,2025-12-05 06:26:01,MAC,6.9,68.0,101.4,900.0
152,2025-12-05 06:29:02,AIR,2.1,28.0,102.2,889.0
153,2025-12-05 06:29:02,ICE,52.0,669.0,102.1,1288.0
154,2025-12-05 06:29:02,WAT,0.0,0.0,101.6,1426.0
155,2025-12-05 06:29:02,MAC,6.9,68.0,101.4,900.0
156,2025-12-05 06:32:03,AIR,2.1,28.0,102.2,889.0
157,2025-12-05 06:32:03,ICE,40.9,517.0,102.5,1289.0
158,2025-12-05 06:32:03,WAT,0.0,0.0,101.6,1426.0
159,2025-12-05 06:32:03,MAC,6.9,68.0,101.4,900.0
160,2025-12-05 06:35:04,AIR,2.1,28.0,102.2,889.0
161,2025-12-05 06:35:04,ICE,40.9,517.0,102.5,1289.0
162,2025-12-05 06:35:04,WAT,0.0,0.0,101.6,1426.0
163,2025-12-05 06:35:04,MAC,6.9,68.0,101.4,900.0
164,2025-12-05 06:38:05,AIR,2.1,28.0,102.2,889.0
165,2025-12-05 06:38:05,ICE,40.9,517.0,102.5,1289.0
166,2025-12-05 06:38:05,WAT,0.0,0.0,101.6,1426.0
167,2025-12-05 06:38:05,MAC,6.9,68.0,101.4,900.0
168,2025-12-05 06:41:06,AIR,2.1,28.0,102.2,889.0
169,2025-12-05 06:41:06,ICE,40.9,517.0,102.5,1289.0
170,2025-12-05 06:41:06,WAT,0.0,0.0,101.6,1426.0
171,2025-12-05 06:41:06,MAC,6.9,68.0,101.4,900.0
172,2025-12-05 06:44:07,AIR,2.1,28.0,102.2,889.0
173,2025-12-05 06:44:07,ICE,40.9,517.0,102.5,1289.0
174,2025-12-05 06:44:07,WAT,0.0,0.0,101.6,1426.0
175,2025-12-05 06:44:07,MAC,6.9,68.0,101.4,900.0
176,2025-12-05 06:47:08,AIR,2.1,28.0,102.2,889.0
177,2025-12-05 06:47:08,ICE,40.9,517.0,102.5,1289.0
178,2025-12-05 06:47:08,WAT,0.0,0.0,101.6,1426.0
179,2025-12-05 06:47:08,MAC,6.9,68.0,101.4,900.0
180,2025-12-05 06:50:09,AIR,2.1,28.0,102.2,889.0
181,2025-12-05 06:50:09,ICE,40.9,517.0,102.5,1289.0
182,2025-12-05 06:50:09,WAT,0.0,0.0,101.6,1426.0
183,2025-12-05 06:50:09,MAC,6.9,68.0,101.4,900.0
184,2025-12-05 06:53:10,AIR,2.1,28.0,102.2,889.0
185,2025-12-05 06:53:10,ICE,40.9,517.0,102.5,1289.0
186,2025-12-05 06:53:10,WAT,0.0,0.0,101.6,1426.0
187,2025-12-05 06:53:10,MAC,6.9,68.0,101.4,900.0
188,2025-12-05 06:56:10,AIR,2.1,28.0,102.2,889.0
189,2025-12-05 06:56:10,ICE,40.9,517.0,102.5,1289.0
190,2025-12-05 06:56:10,WAT,0.0,0.0,101.6,1426.0
191,2025-12-05 06:56:10,MAC,6.9,68.0,101.4,900.0
192,2025-12-05 06:59:11,AIR,2.1,28.0,102.2,889.0
193,2025-12-05 06:59:11,ICE,40.9,517.0,102.5,1289.0
194,2025-12-05 06:59:11,WAT,0.0,0.0,101.6,1426.0
195,2025-12-05 06:59:11,MAC,6.9,68.0,101.4,900.0
196,2025-12-05 07:02:12,AIR,2.1,28.0,102.2,889.0
197,2025-12-05 07:02:12,ICE,40.9,517.0,102.5,1289.0
198,2025-12-05 07:02:12,WAT,0.0,0.0,101.6,1426.0
199,2025-12-05 07:02:12,MAC,6.9,68.0,101.4,900.0
200,2025-12-05 07:05:14,AIR,2.1,28.0,102.2,889.0
201,2025-12-05 07:05:14,ICE,40.9,517.0,102.5,1289.0
202,2025-12-05 07:05:14,WAT,0.0,0.0,101.6,1426.0
203,2025-12-05 07:05:14,MAC,6.9,68.0,101.4,900.0
204,2025-12-05 07:08:14,AIR,2.1,28.0,102.2,889.0
205,2025-12-05 07:08:14,ICE,40.9,517.0,102.5,1289.0
206,2025-12-05 07:08:14,WAT,0.0,0.0,101.6,1426.0
207,2025-12-05 07:08:14,MAC,6.9,68.0,101.4,900.0
208,2025-12-05 07:11:15,AIR,2.1,28.0,102.2,889.0
209,2025-12-05 07:11:15,ICE,40.9,517.0,102.5,1289.0
210,2025-12-05 07:11:15,WAT,0.0,0.0,101.6,1426.0
211,2025-12-05 07:11:15,MAC,6.9,68.0,101.4,900.0
212,2025-12-05 07:14:16,AIR,2.1,28.0,102.2,889.0
213,2025-12-05 07:14:16,ICE,40.9,517.0,102.5,1289.0
214,2025-12-05 07:14:16,WAT,0.0,0.0,101.6,1426.0
215,2025-12-05 07:14:16,MAC,6.9,68.0,101.4,900.0
216,2025-12-05 07:17:17,AIR,2.1,28.0,102.2,889.0
217,2025-12-05 07:17:17,ICE,40.9,517.0,102.5,1289.0
218,2025-12-05 07:17:17,WAT,0.0,0.0,101.6,1426.0
219,2025-12-05 07:17:17,MAC,6.9,68.0,101.4,900.0
220,2025-12-05 07:20:18,AIR,2.1,28.0,102.2,889.0
221,2025-12-05 07:20:18,ICE,3.0,29.0,102.2,1338.0
222,2025-12-05 07:20:18,WAT,0.0,0.0,101.6,1426.0
223,2025-12-05 07:20:18,MAC,6.9,68.0,101.4,900.0
224,2025-12-05 07:23:19,AIR,2.1,28.0,102.2,889.0
225,2025-12-05 07:23:19,ICE,3.0,29.0,102.2,1338.0
226,2025-12-05 07:23:19,WAT,0.0,0.0,101.6,1426.0
227,2025-12-05 07:23:19,MAC,6.9,68.0,101.4,900.0
228,2025-12-05 07:26:20,AIR,2.1,28.0,102.2,889.0
229,2025-12-05 07:26:20,ICE,3.0,29.0,102.2,1338.0
230,2025-12-05 07:26:20,WAT,0.0,0.0,101.6,1426.0
231,2025-12-05 07:26:20,MAC,6.9,68.0,101.4,900.0
232,2025-12-05 07:29:21,AIR,2.1,28.0,102.2,889.0
233,2025-12-05 07:29:21,ICE,3.0,29.0,102.2,1338.0
234,2025-12-05 07:29:21,WAT,0.0,0.0,101.6,1426.0
235,2025-12-05 07:29:21,MAC,6.9,68.0,101.4,900.0
236,2025-12-05 07:32:22,AIR,2.1,28.0,102.2,889.0
237,2025-12-05 07:32:22,ICE,3.0,29.0,102.2,1338.0
238,2025-12-05 07:32:22,WAT,0.0,0.0,101.6,1426.0
239,2025-12-05 07:32:22,MAC,6.9,68.0,101.4,900.0
240,2025-12-05 07:35:23,AIR,2.1,28.0,102.2,889.0
241,2025-12-05 07:35:23,ICE,53.1,673.0,102.5,1355.0
242,2025-12-05 07:35:23,WAT,0.0,0.0,101.6,1426.0
243,2025-12-05 07:35:23,MAC,6.9,68.0,101.4,900.0
244,2025-12-05 07:38:24,AIR,2.1,28.0,102.2,889.0
245,2025-12-05 07:38:24,ICE,40.8,514.0,102.9,1356.0
246,2025-12-05 07:38:24,WAT,0.0,0.0,101.6,1426.0
247,2025-12-05 07:38:24,MAC,6.9,68.0,101.4,900.0
248,2025-12-05 07:41:25,AIR,2.1,28.0,102.2,889.0
249,2025-12-05 07:41:25,ICE,40.8,514.0,102.9,1356.0
250,2025-12-05 07:41:25,WAT,0.0,0.0,101.6,1426.0
251,2025-12-05 07:41:25,MAC,6.9,68.0,101.4,900.0
252,2025-12-05 07:44:26,AIR,2.1,28.0,102.2,889.0
253,2025-12-05 07:44:26,ICE,40.8,514.0,102.9,1356.0
254,2025-12-05 07:44:26,WAT,0.0,0.0,101.6,1426.0
255,2025-12-05 07:44:26,MAC,6.9,68.0,101.4,900.0
256,2025-12-05 07:47:27,AIR,2.1,28.0,102.2,889.0
257,2025-12-05 07:47:27,ICE,40.8,514.0,102.9,1356.0
258,2025-12-05 07:47:27,WAT,0.0,0.0,101.6,1426.0
259,2025-12-05 07:47:27,MAC,6.9,68.0,101.4,900.0
260,2025-12-05 07:50:28,AIR,2.1,28.0,102.2,889.0
261,2025-12-05 07:50:28,ICE,40.8,514.0,102.9,1356.0
262,2025-12-05 07:50:28,WAT,0.0,0.0,101.6,1426.0
263,2025-12-05 07:50:28,MAC,6.9,68.0,101.4,900.0
264,2025-12-05 07:53:29,AIR,2.1,28.0,102.2,889.0
265,2025-12-05 07:53:29,ICE,40.8,514.0,102.9,1356.0
266,2025-12-05 07:53:29,WAT,0.0,0.0,101.6,1426.0
267,2025-12-05 07:53:29,MAC,6.9,68.0,101.4,900.0
268,2025-12-05 07:56:30,AIR,2.1,28.0,102.2,889.0
269,2025-12-05 07:56:30,ICE,40.8,514.0,102.9,1356.0
270,2025-12-05 07:56:30,WAT,0.0,0.0,101.6,1426.0
271,2025-12-05 07:56:30,MAC,6.9,68.0,101.4,900.0
272,2025-12-05 07:59:31,AIR,2.1,28.0,102.2,889.0
273,2025-12-05 07:59:31,ICE,1.5,30.0,102.9,1377.0
274,2025-12-05 07:59:31,WAT,0.0,0.0,101.6,1426.0
275,2025-12-05 07:59:31,MAC,6.9,68.0,101.4,900.0
276,2025-12-05 08:02:32,AIR,2.1,28.0,102.2,889.0
277,2025-12-05 08:02:32,ICE,1.5,30.0,102.9,1377.0
278,2025-12-05 08:02:32,WAT,0.0,0.0,101.6,1426.0
279,2025-12-05 08:02:32,MAC,6.9,68.0,101.4,900.0
280,2025-12-05 08:05:33,AIR,2.1,28.0,102.2,889.0
281,2025-12-05 08:05:33,ICE,1.5,30.0,102.9,1377.0
282,2025-12-05 08:05:33,WAT,0.0,0.0,101.6,1426.0
283,2025-12-05 08:05:33,MAC,6.9,68.0,101.4,900.0
284,2025-12-05 08:08:34,AIR,2.1,28.0,102.2,889.0
285,2025-12-05 08:08:34,ICE,1.5,30.0,102.9,1377.0
286,2025-12-05 08:08:34,WAT,0.0,0.0,101.6,1426.0
287,2025-12-05 08:08:34,MAC,6.9,68.0,101.4,900.0
288,2025-12-05 08:11:35,AIR,2.1,28.0,102.2,889.0
289,2025-12-05 08:11:35,ICE,1.5,30.0,102.9,1377.0
290,2025-12-05 08:11:35,WAT,0.0,0.0,101.6,1426.0
291,2025-12-05 08:11:35,MAC,6.9,68.0,101.4,900.0
292,2025-12-05 08:14:36,AIR,2.1,28.0,102.2,889.0
293,2025-12-05 08:14:36,ICE,55.1,688.0,103.9,1394.0
294,2025-12-05 08:14:36,WAT,0.0,0.0,101.6,1426.0
295,2025-12-05 08:14:36,MAC,6.9,68.0,101.4,900.0
296,2025-12-05 08:17:37,AIR,2.1,28.0,102.2,889.0
297,2025-12-05 08:17:37,ICE,44.3,548.0,103.8,1395.0
298,2025-12-05 08:17:37,WAT,0.0,0.0,101.6,1426.0
299,2025-12-05 08:17:37,MAC,6.9,68.0,101.4,900.0
300,2025-12-05 08:20:38,AIR,2.1,28.0,102.2,889.0
301,2025-12-05 08:20:38,ICE,44.3,548.0,103.8,1395.0
302,2025-12-05 08:20:38,WAT,0.0,0.0,101.6,1426.0
303,2025-12-05 08:20:38,MAC,6.9,68.0,101.4,900.0
304,2025-12-05 08:23:39,AIR,2.1,28.0,102.2,889.0
305,2025-12-05 08:23:39,ICE,44.3,548.0,103.8,1395.0
306,2025-12-05 08:23:39,WAT,0.0,0.0,101.6,1426.0
307,2025-12-05 08:23:39,MAC,6.9,68.0,101.4,900.0
308,2025-12-05 08:26:40,AIR,2.1,28.0,102.2,889.0
309,2025-12-05 08:26:40,ICE,44.3,548.0,103.8,1395.0
310,2025-12-05 08:26:40,WAT,0.0,0.0,101.6,1426.0
311,2025-12-05 08:26:40,MAC,6.9,68.0,101.4,900.0
312,2025-12-05 08:29:41,AIR,2.1,28.0,102.2,889.0
313,2025-12-05 08:29:41,ICE,44.3,548.0,103.8,1395.0
314,2025-12-05 08:29:41,WAT,0.0,0.0,101.6,1426.0
315,2025-12-05 08:29:41,MAC,6.9,68.0,101.4,900.0
316,2025-12-05 08:32:42,AIR,2.1,28.0,102.2,889.0
317,2025-12-05 08:32:42,ICE,44.3,548.0,103.8,1395.0
318,2025-12-05 08:32:42,WAT,0.0,0.0,101.6,1426.0
319,2025-12-05 08:32:42,MAC,6.9,68.0,101.4,900.0
320,2025-12-05 08:35:43,AIR,2.1,28.0,102.2,889.0
321,2025-12-05 08:35:43,ICE,44.3,548.0,103.8,1395.0
322,2025-12-05 08:35:43,WAT,0.0,0.0,101.6,1426.0
323,2025-12-05 08:35:43,MAC,6.9,68.0,101.4,900.0
324,2025-12-05 08:38:44,AIR,2.1,28.0,102.2,889.0
325,2025-12-05 08:38:44,ICE,44.3,548.0,103.8,1395.0
326,2025-12-05 08:38:44,WAT,0.0,0.0,101.6,1426.0
327,2025-12-05 08:38:44,MAC,6.9,68.0,101.4,900.0
328,2025-12-05 08:41:45,AIR,2.1,28.0,102.2,889.0
329,2025-12-05 08:41:45,ICE,44.3,548.0,103.8,1395.0
330,2025-12-05 08:41:45,WAT,0.0,0.0,101.6,1426.0
331,2025-12-05 08:41:45,MAC,6.9,68.0,101.4,900.0
332,2025-12-05 08:44:46,AIR,2.1,28.0,102.2,889.0
333,2025-12-05 08:44:46,ICE,44.3,548.0,103.8,1395.0
334,2025-12-05 08:44:46,WAT,0.0,0.0,101.6,1426.0
335,2025-12-05 08:44:46,MAC,6.9,68.0,101.4,900.0
336,2025-12-05 08:47:47,AIR,2.1,28.0,102.2,889.0
337,2025-12-05 08:47:47,ICE,44.3,548.0,103.8,1395.0
338,2025-12-05 08:47:47,WAT,0.0,0.0,101.6,1426.0
339,2025-12-05 08:47:47,MAC,6.9,68.0,101.4,900.0
340,2025-12-05 08:50:48,AIR,2.1,28.0,102.2,889.0
341,2025-12-05 08:50:48,ICE,44.3,548.0,103.8,1395.0
342,2025-12-05 08:50:48,WAT,0.0,0.0,101.6,1426.0
343,2025-12-05 08:50:48,MAC,6.9,68.0,101.4,900.0
344,2025-12-05 08:53:48,AIR,2.1,28.0,102.2,889.0
345,2025-12-05 08:53:48,ICE,44.3,548.0,103.8,1395.0
346,2025-12-05 08:53:48,WAT,0.0,0.0,101.6,1426.0
347,2025-12-05 08:53:48,MAC,6.9,68.0,101.4,900.0
348,2025-12-05 08:56:50,AIR,2.1,28.0,102.2,889.0
349,2025-12-05 08:56:50,ICE,44.3,548.0,103.8,1395.0
350,2025-12-05 08:56:50,WAT,0.0,0.0,101.6,1426.0
351,2025-12-05 08:56:50,MAC,6.9,68.0,101.4,900.0
352,2025-12-05 08:59:50,AIR,2.1,28.0,102.2,889.0
353,2025-12-05 08:59:50,ICE,44.3,548.0,103.8,1395.0
354,2025-12-05 08:59:50,WAT,0.0,0.0,101.6,1426.0
355,2025-12-05 08:59:50,MAC,6.9,68.0,101.4,900.0
356,2025-12-05 09:02:51,AIR,2.1,28.0,102.2,889.0
357,2025-12-05 09:02:51,ICE,34.2,450.0,101.4,1.0
358,2025-12-05 09:02:51,WAT,0.0,0.0,101.6,1426.0
359,2025-12-05 09:02:51,MAC,6.9,68.0,101.4,900.0
360,2025-12-05 09:05:52,AIR,2.1,28.0,102.2,889.0
361,2025-12-05 09:05:52,ICE,1.5,30.0,102.0,4.0
362,2025-12-05 09:05:52,WAT,0.0,0.0,101.6,1426.0
363,2025-12-05 09:05:52,MAC,6.9,68.0,101.4,900.0
364,2025-12-05 09:08:53,AIR,2.1,28.0,102.2,889.0
365,2025-12-05 09:08:53,ICE,1.5,30.0,102.0,4.0
366,2025-12-05 09:08:53,WAT,0.0,0.0,101.6,1426.0
367,2025-12-05 09:08:53,MAC,6.9,68.0,101.4,900.0
368,2025-12-05 09:11:54,AIR,2.1,28.0,102.2,889.0
369,2025-12-05 09:11:54,ICE,1.5,30.0,102.0,4.0
370,2025-12-05 09:11:54,WAT,0.0,0.0,101.6,1426.0
371,2025-12-05 09:11:54,MAC,6.9,68.0,101.4,900.0
372,2025-12-05 09:14:55,AIR,2.1,28.0,102.2,889.0
373,2025-12-05 09:14:55,ICE,1.5,30.0,102.0,4.0
374,2025-12-05 09:14:55,WAT,0.0,0.0,101.6,1426.0
375,2025-12-05 09:14:55,MAC,6.9,68.0,101.4,900.0
376,2025-12-05 09:17:56,AIR,2.1,28.0,102.2,889.0
377,2025-12-05 09:17:56,ICE,1.5,30.0,102.0,4.0
378,2025-12-05 09:17:56,WAT,0.0,0.0,101.6,1426.0
379,2025-12-05 09:17:56,MAC,6.9,68.0,101.4,900.0
380,2025-12-05 09:20:57,AIR,2.1,28.0,102.2,889.0
381,2025-12-05 09:20:57,ICE,54.5,699.0,102.2,20.0
382,2025-12-05 09:20:57,WAT,0.0,0.0,101.6,1426.0
383,2025-12-05 09:20:57,MAC,6.9,68.0,101.4,900.0
384,2025-12-05 09:23:58,AIR,2.1,28.0,102.2,889.0
385,2025-12-05 09:23:58,ICE,44.4,563.0,102.1,21.0
386,2025-12-05 09:23:58,WAT,0.0,0.0,101.6,1426.0
387,2025-12-05 09:23:58,MAC,6.9,68.0,101.4,900.0
388,2025-12-05 09:26:59,AIR,2.1,28.0,102.2,889.0
389,2025-12-05 09:26:59,ICE,44.4,563.0,102.1,21.0
390,2025-12-05 09:26:59,WAT,0.0,0.0,101.6,1426.0
391,2025-12-05 09:26:59,MAC,6.9,68.0,101.4,900.0
392,2025-12-05 09:30:00,AIR,2.1,28.0,102.2,889.0
393,2025-12-05 09:30:00,ICE,44.4,563.0,102.1,21.0
394,2025-12-05 09:30:00,WAT,0.0,0.0,101.6,1426.0
395,2025-12-05 09:30:00,MAC,6.9,68.0,101.4,900.0
396,2025-12-05 09:33:03,AIR,2.1,28.0,102.2,889.0
397,2025-12-05 09:33:03,ICE,44.4,563.0,102.1,21.0
398,2025-12-05 09:33:03,WAT,0.0,0.0,101.6,1426.0
399,2025-12-05 09:33:03,MAC,6.9,68.0,101.4,900.0
400,2025-12-05 09:36:04,AIR,2.1,28.0,102.2,889.0
401,2025-12-05 09:36:04,ICE,44.4,563.0,102.1,21.0
402,2025-12-05 09:36:04,WAT,0.0,0.0,101.6,1426.0
403,2025-12-05 09:36:04,MAC,6.9,68.0,101.4,900.0
404,2025-12-05 09:39:04,AIR,2.1,28.0,102.2,889.0
405,2025-12-05 09:39:04,ICE,44.4,563.0,102.1,21.0
406,2025-12-05 09:39:04,WAT,0.0,0.0,101.6,1426.0
407,2025-12-05 09:39:04,MAC,6.9,68.0,101.4,900.0
408,2025-12-05 09:42:06,AIR,2.1,28.0,102.2,889.0
409,2025-12-05 09:42:06,ICE,44.4,563.0,102.1,21.0
410,2025-12-05 09:42:06,WAT,0.0,0.0,101.6,1426.0
411,2025-12-05 09:42:06,MAC,6.9,68.0,101.4,900.0
412,2025-12-05 09:45:06,AIR,2.1,28.0,102.2,889.0
413,2025-12-05 09:45:06,ICE,44.4,563.0,102.1,21.0
414,2025-12-05 09:45:06,WAT,0.0,0.0,101.6,1426.0
415,2025-12-05 09:45:06,MAC,6.9,68.0,101.4,900.0
416,2025-12-05 09:48:08,AIR,2.1,28.0,102.2,889.0
417,2025-12-05 09:48:08,ICE,44.4,563.0,102.1,21.0
418,2025-12-05 09:48:08,WAT,0.0,0.0,101.6,1426.0
419,2025-12-05 09:48:08,MAC,6.9,68.0,101.4,900.0
420,2025-12-05 09:51:08,AIR,2.1,28.0,102.2,889.0
421,2025-12-05 09:51:08,ICE,44.4,563.0,102.1,21.0
422,2025-12-05 09:51:08,WAT,0.0,0.0,101.6,1426.0
423,2025-12-05 09:51:08,MAC,6.9,68.0,101.4,900.0
424,2025-12-05 09:54:09,AIR,2.1,28.0,102.2,889.0
425,2025-12-05 09:54:09,ICE,44.4,563.0,102.1,21.0
426,2025-12-05 09:54:09,WAT,0.0,0.0,101.6,1426.0
427,2025-12-05 09:54:09,MAC,6.9,68.0,101.4,900.0
428,2025-12-05 09:57:10,AIR,2.1,28.0,102.2,889.0
429,2025-12-05 09:57:10,ICE,44.4,563.0,102.1,21.0
430,2025-12-05 09:57:10,WAT,0.0,0.0,101.6,1426.0
431,2025-12-05 09:57:10,MAC,6.9,68.0,101.4,900.0
432,2025-12-05 10:00:11,AIR,2.1,28.0,102.2,889.0
433,2025-12-05 10:00:11,ICE,44.4,563.0,102.1,21.0
434,2025-12-05 10:00:11,WAT,0.0,0.0,101.6,1426.0
435,2025-12-05 10:00:11,MAC,6.9,68.0,101.4,900.0
436,2025-12-05 10:03:12,AIR,2.1,28.0,102.2,889.0
437,2025-12-05 10:03:12,ICE,44.4,563.0,102.1,21.0
438,2025-12-05 10:03:12,WAT,0.0,0.0,101.6,1426.0
439,2025-12-05 10:03:12,MAC,6.9,68.0,101.4,900.0
440,2025-12-05 10:06:13,AIR,2.1,28.0,102.2,889.0
441,2025-12-05 10:06:13,ICE,44.4,563.0,102.1,21.0
442,2025-12-05 10:06:13,WAT,0.0,0.0,101.6,1426.0
443,2025-12-05 10:06:13,MAC,6.9,68.0,101.4,900.0
444,2025-12-05 10:09:14,AIR,2.1,28.0,102.2,889.0
445,2025-12-05 10:09:14,ICE,44.4,563.0,102.1,21.0
446,2025-12-05 10:09:14,WAT,0.0,0.0,101.6,1426.0
447,2025-12-05 10:09:14,MAC,6.9,68.0,101.4,900.0
448,2025-12-05 10:12:15,AIR,2.1,28.0,102.2,889.0
449,2025-12-05 10:12:15,ICE,44.4,563.0,102.1,21.0
450,2025-12-05 10:12:15,WAT,0.0,0.0,101.6,1426.0
451,2025-12-05 10:12:15,MAC,6.9,68.0,101.4,900.0
452,2025-12-05 10:15:16,AIR,2.1,28.0,102.2,889.0
453,2025-12-05 10:15:16,ICE,44.4,563.0,102.1,21.0
454,2025-12-05 10:15:16,WAT,0.0,0.0,101.6,1426.0
455,2025-12-05 10:15:16,MAC,6.9,68.0,101.4,900.0
456,2025-12-05 10:18:17,AIR,2.1,28.0,102.2,889.0
457,2025-12-05 10:18:17,ICE,3.0,29.0,102.5,75.0
458,2025-12-05 10:18:17,WAT,0.0,0.0,101.6,1426.0
459,2025-12-05 10:18:17,MAC,6.9,68.0,101.4,900.0
460,2025-12-05 10:21:18,AIR,2.1,28.0,102.2,889.0
461,2025-12-05 10:21:18,ICE,3.0,29.0,102.5,75.0
462,2025-12-05 10:21:18,WAT,0.0,0.0,101.6,1426.0
463,2025-12-05 10:21:18,MAC,6.9,68.0,101.4,900.0
464,2025-12-05 10:24:19,AIR,2.1,28.0,102.2,889.0
465,2025-12-05 10:24:19,ICE,3.0,29.0,102.5,75.0
466,2025-12-05 10:24:19,WAT,0.0,0.0,101.6,1426.0
467,2025-12-05 10:24:19,MAC,6.9,68.0,101.4,900.0
468,2025-12-05 10:27:20,AIR,2.1,28.0,102.2,889.0
469,2025-12-05 10:27:20,ICE,3.0,29.0,102.5,75.0
470,2025-12-05 10:27:20,WAT,0.0,0.0,101.6,1426.0
471,2025-12-05 10:27:20,MAC,6.9,68.0,101.4,900.0
472,2025-12-05 10:30:21,AIR,2.1,28.0,102.2,889.0
473,2025-12-05 10:30:21,ICE,3.0,29.0,102.5,75.0
474,2025-12-05 10:30:21,WAT,0.0,0.0,101.6,1426.0
475,2025-12-05 10:30:21,MAC,6.9,68.0,101.4,900.0
476,2025-12-05 10:33:22,AIR,2.1,28.0,102.2,889.0
477,2025-12-05 10:33:22,ICE,54.4,690.0,102.9,92.0
478,2025-12-05 10:33:22,WAT,0.0,0.0,101.6,1426.0
479,2025-12-05 10:33:22,MAC,6.9,68.0,101.4,900.0
480,2025-12-05 10:36:23,AIR,2.1,28.0,102.2,889.0
481,2025-12-05 10:36:23,ICE,42.2,542.0,102.7,93.0
482,2025-12-05 10:36:23,WAT,0.0,0.0,101.6,1426.0
483,2025-12-05 10:36:23,MAC,6.9,68.0,101.4,900.0
484,2025-12-05 10:39:24,AIR,2.1,28.0,102.2,889.0
485,2025-12-05 10:39:24,ICE,42.2,542.0,102.7,93.0
486,2025-12-05 10:39:24,WAT,0.0,0.0,101.6,1426.0
487,2025-12-05 10:39:24,MAC,6.9,68.0,101.4,900.0
488,2025-12-05 10:42:25,AIR,2.1,28.0,102.2,889.0
489,2025-12-05 10:42:25,ICE,42.2,542.0,102.7,93.0
490,2025-12-05 10:42:25,WAT,0.0,0.0,101.6,1426.0
491,2025-12-05 10:42:25,MAC,6.9,68.0,101.4,900.0
492,2025-12-05 10:45:26,AIR,2.1,28.0,102.2,889.0
493,2025-12-05 10:45:26,ICE,42.2,542.0,102.7,93.0
494,2025-12-05 10:45:26,WAT,0.0,0.0,101.6,1426.0
495,2025-12-05 10:45:26,MAC,6.9,68.0,101.4,900.0
496,2025-12-05 10:48:25,AIR,2.1,28.0,102.2,889.0
497,2025-12-05 10:48:25,ICE,42.2,542.0,102.7,93.0
498,2025-12-05 10:48:25,WAT,0.0,0.0,101.6,1426.0
499,2025-12-05 10:48:25,MAC,6.9,68.0,101.4,900.0
500,2025-12-05 10:51:26,AIR,2.1,28.0,102.2,889.0
501,2025-12-05 10:51:26,ICE,42.2,542.0,102.7,93.0
502,2025-12-05 10:51:26,WAT,0.0,0.0,101.6,1426.0
503,2025-12-05 10:51:26,MAC,6.9,68.0,101.4,900.0
504,2025-12-05 10:54:27,AIR,2.1,28.0,102.2,889.0
505,2025-12-05 10:54:27,ICE,42.2,542.0,102.7,93.0
506,2025-12-05 10:54:27,WAT,0.0,0.0,101.6,1426.0
507,2025-12-05 10:54:27,MAC,6.9,68.0,101.4,900.0
508,2025-12-05 10:57:27,AIR,2.1,28.0,102.2,889.0
509,2025-12-05 10:57:27,ICE,42.2,542.0,102.7,93.0
510,2025-12-05 10:57:27,WAT,0.0,0.0,101.6,1426.0
511,2025-12-05 10:57:27,MAC,6.9,68.0,101.4,900.0
512,2025-12-05 11:00:28,AIR,2.1,28.0,102.2,889.0
513,2025-12-05 11:00:28,ICE,42.2,542.0,102.7,93.0
514,2025-12-05 11:00:28,WAT,0.0,0.0,101.6,1426.0
515,2025-12-05 11:00:28,MAC,6.9,68.0,101.4,900.0
516,2025-12-05 11:03:29,AIR,2.1,28.0,102.2,889.0
517,2025-12-05 11:03:29,ICE,42.2,542.0,102.7,93.0
518,2025-12-05 11:03:29,WAT,0.0,0.0,101.6,1426.0
519,2025-12-05 11:03:29,MAC,6.9,68.0,101.4,900.0
520,2025-12-05 11:06:30,AIR,2.1,28.0,102.2,889.0
521,2025-12-05 11:06:30,ICE,42.2,542.0,102.7,93.0
522,2025-12-05 11:06:30,WAT,0.0,0.0,101.6,1426.0
523,2025-12-05 11:06:30,MAC,6.9,68.0,101.4,900.0
524,2025-12-05 11:09:31,AIR,2.1,28.0,102.2,889.0
525,2025-12-05 11:09:31,ICE,42.2,542.0,102.7,93.0
526,2025-12-05 11:09:31,WAT,0.0,0.0,101.6,1426.0
527,2025-12-05 11:09:31,MAC,6.9,68.0,101.4,900.0
528,2025-12-05 11:12:34,AIR,2.1,28.0,102.2,889.0
529,2025-12-05 11:12:34,ICE,42.2,542.0,102.7,93.0
530,2025-12-05 11:12:34,WAT,0.0,0.0,101.6,1426.0
531,2025-12-05 11:12:34,MAC,6.9,68.0,101.4,900.0
532,2025-12-05 11:15:35,AIR,2.1,28.0,102.2,889.0
533,2025-12-05 11:15:35,ICE,42.2,542.0,102.7,93.0
534,2025-12-05 11:15:35,WAT,0.0,0.0,101.6,1426.0
535,2025-12-05 11:15:35,MAC,6.9,68.0,101.4,900.0
536,2025-12-05 11:18:36,AIR,2.1,28.0,102.2,889.0
537,2025-12-05 11:18:36,ICE,42.2,542.0,102.7,93.0
538,2025-12-05 11:18:36,WAT,0.0,0.0,101.6,1426.0
539,2025-12-05 11:18:36,MAC,6.9,68.0,101.4,900.0
540,2025-12-05 11:21:37,AIR,2.1,28.0,102.2,889.0
541,2025-12-05 11:21:37,ICE,42.2,542.0,102.7,93.0
542,2025-12-05 11:21:37,WAT,0.0,0.0,101.6,1426.0
543,2025-12-05 11:21:37,MAC,6.9,68.0,101.4,900.0
544,2025-12-05 11:24:38,AIR,2.1,28.0,102.2,889.0
545,2025-12-05 11:24:38,ICE,42.2,542.0,102.7,93.0
546,2025-12-05 11:24:38,WAT,0.0,0.0,101.6,1426.0
547,2025-12-05 11:24:38,MAC,5.7,56.0,102.9,142.0
548,2025-12-05 11:27:39,AIR,2.1,28.0,102.2,889.0
549,2025-12-05 11:27:39,ICE,42.2,542.0,102.7,93.0
550,2025-12-05 11:27:39,WAT,0.0,0.0,101.6,1426.0
551,2025-12-05 11:27:39,MAC,5.7,56.0,102.9,142.0
552,2025-12-05 11:30:40,AIR,2.1,28.0,102.2,889.0
553,2025-12-05 11:30:40,ICE,42.2,542.0,102.7,93.0
554,2025-12-05 11:30:40,WAT,0.0,0.0,101.6,1426.0
555,2025-12-05 11:30:40,MAC,5.7,56.0,102.9,142.0
556,2025-12-05 11:33:41,AIR,2.1,28.0,102.2,889.0
557,2025-12-05 11:33:41,ICE,3.0,29.0,103.1,151.0
558,2025-12-05 11:33:41,WAT,0.0,0.0,101.6,1426.0
559,2025-12-05 11:33:41,MAC,5.7,56.0,102.9,142.0
560,2025-12-05 11:36:41,AIR,2.1,28.0,102.2,889.0
561,2025-12-05 11:36:41,ICE,3.0,29.0,103.1,151.0
562,2025-12-05 11:36:41,WAT,0.0,0.0,101.6,1426.0
563,2025-12-05 11:36:41,MAC,5.7,56.0,102.9,142.0
564,2025-12-05 11:39:42,AIR,2.1,28.0,102.2,889.0
565,2025-12-05 11:39:42,ICE,3.0,29.0,103.1,151.0
566,2025-12-05 11:39:42,WAT,0.0,0.0,101.6,1426.0
567,2025-12-05 11:39:42,MAC,5.7,56.0,102.9,142.0
568,2025-12-05 11:42:43,AIR,2.1,28.0,102.2,889.0
569,2025-12-05 11:42:43,ICE,3.0,29.0,103.1,151.0
570,2025-12-05 11:42:43,WAT,0.0,0.0,101.6,1426.0
571,2025-12-05 11:42:43,MAC,5.7,56.0,102.9,142.0
572,2025-12-05 11:45:44,AIR,2.1,28.0,102.2,889.0
573,2025-12-05 11:45:44,ICE,3.0,29.0,103.1,151.0
574,2025-12-05 11:45:44,WAT,0.0,0.0,101.6,1426.0
575,2025-12-05 11:45:44,MAC,5.7,56.0,102.9,142.0
576,2025-12-05 11:48:45,AIR,2.1,28.0,102.2,889.0
577,2025-12-05 11:48:45,ICE,43.4,552.0,103.2,168.0
578,2025-12-05 11:48:45,WAT,0.0,0.0,101.6,1426.0
579,2025-12-05 11:48:45,MAC,5.7,56.0,102.9,142.0
580,2025-12-05 11:51:46,AIR,2.1,28.0,102.2,889.0
581,2025-12-05 11:51:46,ICE,43.4,552.0,103.2,168.0
582,2025-12-05 11:51:46,WAT,0.0,0.0,101.6,1426.0
583,2025-12-05 11:51:46,MAC,5.7,56.0,102.9,142.0
584,2025-12-05 11:54:47,AIR,2.1,28.0,102.2,889.0
585,2025-12-05 11:54:47,ICE,43.4,552.0,103.2,168.0
586,2025-12-05 11:54:47,WAT,0.0,0.0,101.6,1426.0
587,2025-12-05 11:54:47,MAC,5.7,56.0,102.9,142.0
588,2025-12-05 11:57:48,AIR,2.1,28.0,102.2,889.0
589,2025-12-05 11:57:48,ICE,43.4,552.0,103.2,168.0
590,2025-12-05 11:57:48,WAT,0.0,0.0,101.6,1426.0
591,2025-12-05 11:57:48,MAC,5.7,56.0,102.9,142.0
592,2025-12-05 12:00:49,AIR,2.1,28.0,102.2,889.0
593,2025-12-05 12:00:49,ICE,43.4,552.0,103.2,168.0
594,2025-12-05 12:00:49,WAT,0.0,0.0,101.6,1426.0
595,2025-12-05 12:00:49,MAC,5.7,56.0,102.9,142.0
596,2025-12-05 12:03:50,AIR,2.1,28.0,102.2,889.0
597,2025-12-05 12:03:50,ICE,43.4,552.0,103.2,168.0
598,2025-12-05 12:03:50,WAT,0.0,0.0,101.6,1426.0
599,2025-12-05 12:03:50,MAC,5.7,56.0,102.9,142.0
600,2025-12-05 12:06:51,AIR,2.1,28.0,102.2,889.0
601,2025-12-05 12:06:51,ICE,43.4,552.0,103.2,168.0
602,2025-12-05 12:06:51,WAT,0.0,0.0,101.6,1426.0
603,2025-12-05 12:06:51,MAC,5.7,56.0,102.9,142.0
604,2025-12-05 12:09:51,AIR,2.1,28.0,102.2,889.0
605,2025-12-05 12:09:51,ICE,43.4,552.0,103.2,168.0
606,2025-12-05 12:09:51,WAT,0.0,0.0,101.6,1426.0
607,2025-12-05 12:09:51,MAC,5.7,56.0,102.9,142.0
608,2025-12-05 12:12:52,AIR,2.1,28.0,102.2,889.0
609,2025-12-05 12:12:52,ICE,43.4,552.0,103.2,168.0
610,2025-12-05 12:12:52,WAT,0.0,0.0,101.6,1426.0
611,2025-12-05 12:12:52,MAC,5.7,56.0,102.9,142.0
612,2025-12-05 12:15:53,AIR,2.1,28.0,102.2,889.0
613,2025-12-05 12:15:53,ICE,43.4,552.0,103.2,168.0
614,2025-12-05 12:15:53,WAT,0.0,0.0,101.6,1426.0
615,2025-12-05 12:15:53,MAC,5.7,56.0,102.9,142.0
616,2025-12-05 12:18:54,AIR,2.1,28.0,102.2,889.0
617,2025-12-05 12:18:54,ICE,43.4,552.0,103.2,168.0
618,2025-12-05 12:18:54,WAT,0.0,0.0,101.6,1426.0
619,2025-12-05 12:18:54,MAC,5.7,56.0,102.9,142.0
620,2025-12-05 12:21:55,AIR,2.1,28.0,102.2,889.0
621,2025-12-05 12:21:55,ICE,43.4,552.0,103.2,168.0
622,2025-12-05 12:21:55,WAT,0.0,0.0,101.6,1426.0
623,2025-12-05 12:21:55,MAC,5.7,56.0,102.9,142.0
624,2025-12-05 12:24:56,AIR,2.1,28.0,102.2,889.0
625,2025-12-05 12:24:56,ICE,43.4,552.0,103.2,168.0
626,2025-12-05 12:24:56,WAT,0.0,0.0,101.6,1426.0
627,2025-12-05 12:24:56,MAC,5.7,56.0,102.9,142.0
628,2025-12-05 12:27:57,AIR,2.1,28.0,102.2,889.0
629,2025-12-05 12:27:57,ICE,43.4,552.0,103.2,168.0
630,2025-12-05 12:27:57,WAT,0.0,0.0,101.6,1426.0
631,2025-12-05 12:27:57,MAC,5.7,56.0,102.9,142.0
632,2025-12-05 12:30:58,AIR,2.1,28.0,102.2,889.0
633,2025-12-05 12:30:58,ICE,43.4,552.0,103.2,168.0
634,2025-12-05 12:30:58,WAT,0.0,0.0,101.6,1426.0
635,2025-12-05 12:30:58,MAC,5.7,56.0,102.9,142.0
636,2025-12-05 12:33:59,AIR,2.1,28.0,102.2,889.0
637,2025-12-05 12:33:59,ICE,43.4,552.0,103.2,168.0
638,2025-12-05 12:33:59,WAT,0.0,0.0,101.6,1426.0
639,2025-12-05 12:33:59,MAC,5.7,56.0,102.9,142.0
640,2025-12-05 12:37:00,AIR,2.1,28.0,102.2,889.0
641,2025-12-05 12:37:00,ICE,43.4,552.0,103.2,168.0
642,2025-12-05 12:37:00,WAT,0.0,0.0,101.6,1426.0
643,2025-12-05 12:37:00,MAC,5.7,56.0,102.9,142.0
644,2025-12-05 12:40:01,AIR,2.1,28.0,102.2,889.0
645,2025-12-05 12:40:01,ICE,43.4,552.0,103.2,168.0
646,2025-12-05 12:40:01,WAT,0.0,0.0,101.6,1426.0
647,2025-12-05 12:40:01,MAC,5.7,56.0,102.9,142.0
648,2025-12-05 12:43:03,AIR,2.1,28.0,102.2,889.0
649,2025-12-05 12:43:03,ICE,43.4,552.0,103.2,168.0
650,2025-12-05 12:43:03,WAT,0.0,0.0,101.6,1426.0
651,2025-12-05 12:43:03,MAC,5.7,56.0,102.9,142.0
652,2025-12-05 12:46:04,AIR,2.1,28.0,102.2,889.0
653,2025-12-05 12:46:04,ICE,43.4,552.0,103.2,168.0
654,2025-12-05 12:46:04,WAT,0.0,0.0,101.6,1426.0
655,2025-12-05 12:46:04,MAC,5.7,56.0,102.9,142.0
656,2025-12-05 12:49:04,AIR,2.1,28.0,102.2,889.0
657,2025-12-05 12:49:04,ICE,43.4,552.0,103.2,168.0
658,2025-12-05 12:49:04,WAT,0.0,0.0,101.6,1426.0
659,2025-12-05 12:49:04,MAC,5.7,56.0,102.9,142.0
660,2025-12-05 12:52:05,AIR,2.1,28.0,102.2,889.0
661,2025-12-05 12:52:05,ICE,43.4,552.0,103.2,168.0
662,2025-12-05 12:52:05,WAT,0.0,0.0,101.6,1426.0
663,2025-12-05 12:52:05,MAC,5.7,56.0,102.9,142.0
664,2025-12-05 12:55:06,AIR,2.1,28.0,102.2,889.0
665,2025-12-05 12:55:06,ICE,43.4,552.0,103.2,168.0
666,2025-12-05 12:55:06,WAT,0.0,0.0,101.6,1426.0
667,2025-12-05 12:55:06,MAC,5.7,56.0,102.9,142.0
668,2025-12-05 12:58:07,AIR,2.1,28.0,102.2,889.0
669,2025-12-05 12:58:07,ICE,43.4,552.0,103.2,168.0
670,2025-12-05 12:58:07,WAT,0.0,0.0,101.6,1426.0
671,2025-12-05 12:58:07,MAC,5.7,56.0,102.9,142.0
672,2025-12-05 13:01:08,AIR,2.1,28.0,102.2,889.0
673,2025-12-05 13:01:08,ICE,43.4,552.0,103.2,168.0
674,2025-12-05 13:01:08,WAT,0.0,0.0,101.6,1426.0
675,2025-12-05 13:01:08,MAC,5.7,56.0,102.9,142.0
676,2025-12-05 13:04:09,AIR,2.1,28.0,102.2,889.0
677,2025-12-05 13:04:09,ICE,43.4,552.0,103.2,168.0
678,2025-12-05 13:04:09,WAT,0.0,0.0,101.6,1426.0
679,2025-12-05 13:04:09,MAC,5.7,56.0,102.9,142.0
680,2025-12-05 13:07:10,AIR,2.1,28.0,102.2,889.0
681,2025-12-05 13:07:10,ICE,43.4,552.0,103.2,168.0
682,2025-12-05 13:07:10,WAT,0.0,0.0,101.6,1426.0
683,2025-12-05 13:07:10,MAC,5.7,56.0,102.9,142.0
684,2025-12-05 13:10:11,AIR,2.1,28.0,102.2,889.0
685,2025-12-05 13:10:11,ICE,43.4,552.0,103.2,168.0
686,2025-12-05 13:10:11,WAT,0.0,0.0,101.6,1426.0
687,2025-12-05 13:10:11,MAC,5.7,56.0,102.9,142.0
688,2025-12-05 13:13:12,AIR,2.1,28.0,102.2,889.0
689,2025-12-05 13:13:12,ICE,43.4,552.0,103.2,168.0
690,2025-12-05 13:13:12,WAT,0.0,0.0,101.6,1426.0
691,2025-12-05 13:13:12,MAC,5.7,56.0,102.9,142.0
692,2025-12-05 13:16:13,AIR,2.1,28.0,102.2,889.0
693,2025-12-05 13:16:13,ICE,43.4,552.0,103.2,168.0
694,2025-12-05 13:16:13,WAT,0.0,0.0,101.6,1426.0
695,2025-12-05 13:16:13,MAC,5.7,56.0,102.9,142.0
696,2025-12-05 13:19:14,AIR,2.1,28.0,102.2,889.0
697,2025-12-05 13:19:14,ICE,43.4,552.0,103.2,168.0
698,2025-12-05 13:19:14,WAT,0.0,0.0,101.6,1426.0
699,2025-12-05 13:19:14,MAC,5.7,56.0,102.9,142.0
700,2025-12-05 13:22:15,AIR,2.1,28.0,102.2,889.0
701,2025-12-05 13:22:15,ICE,43.4,552.0,103.2,168.0
702,2025-12-05 13:22:15,WAT,0.0,0.0,101.6,1426.0
703,2025-12-05 13:22:15,MAC,5.7,56.0,102.9,142.0
704,2025-12-05 13:25:16,AIR,2.1,28.0,102.2,889.0
705,2025-12-05 13:25:16,ICE,43.4,552.0,103.2,168.0
706,2025-12-05 13:25:16,WAT,0.0,0.0,101.6,1426.0
707,2025-12-05 13:25:16,MAC,5.7,56.0,102.9,142.0
708,2025-12-05 13:28:17,AIR,2.1,28.0,102.2,889.0
709,2025-12-05 13:28:17,ICE,43.4,552.0,103.2,168.0
710,2025-12-05 13:28:17,WAT,0.0,0.0,101.6,1426.0
711,2025-12-05 13:28:17,MAC,5.7,56.0,102.9,142.0
712,2025-12-05 13:31:18,AIR,2.1,28.0,102.2,889.0
713,2025-12-05 13:31:18,ICE,43.4,552.0,103.2,168.0
714,2025-12-05 13:31:18,WAT,0.0,0.0,101.6,1426.0
715,2025-12-05 13:31:18,MAC,5.7,56.0,102.9,142.0
716,2025-12-05 13:34:19,AIR,2.1,28.0,102.2,889.0
717,2025-12-05 13:34:19,ICE,43.4,552.0,103.2,168.0
718,2025-12-05 13:34:19,WAT,0.0,0.0,101.6,1426.0
719,2025-12-05 13:34:19,MAC,5.7,56.0,102.9,142.0
720,2025-12-05 13:37:20,AIR,2.1,28.0,102.2,889.0
721,2025-12-05 13:37:20,ICE,43.4,552.0,103.2,168.0
722,2025-12-05 13:37:20,WAT,0.0,0.0,101.6,1426.0
723,2025-12-05 13:37:20,MAC,5.7,56.0,102.9,142.0
724,2025-12-05 13:40:21,AIR,2.1,28.0,102.2,889.0
725,2025-12-05 13:40:21,ICE,43.4,552.0,103.2,168.0
726,2025-12-05 13:40:21,WAT,0.0,0.0,101.6,1426.0
727,2025-12-05 13:40:21,MAC,5.7,56.0,102.9,142.0
728,2025-12-05 13:43:22,AIR,2.1,28.0,102.2,889.0
729,2025-12-05 13:43:22,ICE,43.4,552.0,103.2,168.0
730,2025-12-05 13:43:22,WAT,0.0,0.0,101.6,1426.0
731,2025-12-05 13:43:22,MAC,5.7,56.0,102.9,142.0
732,2025-12-05 13:46:23,AIR,2.1,28.0,102.2,889.0
733,2025-12-05 13:46:23,ICE,43.4,552.0,103.2,168.0
734,2025-12-05 13:46:23,WAT,0.0,0.0,101.6,1426.0
735,2025-12-05 13:46:23,MAC,5.7,56.0,102.9,142.0
736,2025-12-05 13:49:24,AIR,2.1,28.0,102.2,889.0
737,2025-12-05 13:49:24,ICE,3.0,29.0,102.6,287.0
738,2025-12-05 13:49:24,WAT,0.0,0.0,101.6,1426.0
739,2025-12-05 13:49:24,MAC,5.7,56.0,102.9,142.0
740,2025-12-05 13:52:25,AIR,2.1,28.0,102.2,889.0
741,2025-12-05 13:52:25,ICE,3.0,29.0,102.6,287.0
742,2025-12-05 13:52:25,WAT,0.0,0.0,101.6,1426.0
743,2025-12-05 13:52:25,MAC,5.7,56.0,102.9,142.0
744,2025-12-05 13:55:26,AIR,2.1,28.0,102.2,889.0
745,2025-12-05 13:55:26,ICE,3.0,29.0,102.6,287.0
746,2025-12-05 13:55:26,WAT,0.0,0.0,101.6,1426.0
747,2025-12-05 13:55:26,MAC,5.7,56.0,102.9,142.0
748,2025-12-05 13:58:27,AIR,2.1,28.0,102.2,889.0
749,2025-12-05 13:58:27,ICE,3.0,29.0,102.6,287.0
750,2025-12-05 13:58:27,WAT,0.0,0.0,101.6,1426.0
751,2025-12-05 13:58:27,MAC,5.7,56.0,102.9,142.0
752,2025-12-05 14:01:28,AIR,2.1,28.0,102.2,889.0
753,2025-12-05 14:01:28,ICE,3.0,29.0,102.6,287.0
754,2025-12-05 14:01:28,WAT,0.0,0.0,101.6,1426.0
755,2025-12-05 14:01:28,MAC,5.7,56.0,102.9,142.0
756,2025-12-05 14:04:29,AIR,2.1,28.0,102.2,889.0
757,2025-12-05 14:04:29,ICE,42.5,544.0,102.9,303.0
758,2025-12-05 14:04:29,WAT,0.0,0.0,101.6,1426.0
759,2025-12-05 14:04:29,MAC,5.7,56.0,102.9,142.0
760,2025-12-05 14:07:30,AIR,2.1,28.0,102.2,889.0
761,2025-12-05 14:07:30,ICE,42.5,544.0,102.9,303.0
762,2025-12-05 14:07:30,WAT,0.0,0.0,101.6,1426.0
763,2025-12-05 14:07:30,MAC,5.7,56.0,102.9,142.0
764,2025-12-05 14:10:31,AIR,2.1,28.0,102.2,889.0
765,2025-12-05 14:10:31,ICE,42.5,544.0,102.9,303.0
766,2025-12-05 14:10:31,WAT,0.0,0.0,101.6,1426.0
767,2025-12-05 14:10:31,MAC,5.7,56.0,102.9,142.0
768,2025-12-05 14:13:32,AIR,2.1,28.0,102.2,889.0
769,2025-12-05 14:13:32,ICE,42.5,544.0,102.9,303.0
770,2025-12-05 14:13:32,WAT,0.0,0.0,101.6,1426.0
771,2025-12-05 14:13:32,MAC,5.7,56.0,102.9,142.0
772,2025-12-05 14:16:33,AIR,2.1,28.0,102.2,889.0
773,2025-12-05 14:16:33,ICE,42.5,544.0,102.9,303.0
774,2025-12-05 14:16:33,WAT,0.0,0.0,101.6,1426.0
775,2025-12-05 14:16:33,MAC,5.7,56.0,102.9,142.0
776,2025-12-05 14:19:33,AIR,2.1,28.0,102.2,889.0
777,2025-12-05 14:19:33,ICE,42.5,544.0,102.9,303.0
778,2025-12-05 14:19:33,WAT,0.0,0.0,101.6,1426.0
779,2025-12-05 14:19:33,MAC,5.7,56.0,102.9,142.0
780,2025-12-05 14:22:34,AIR,2.1,28.0,102.2,889.0
781,2025-12-05 14:22:34,ICE,42.5,544.0,102.9,303.0
782,2025-12-05 14:22:34,WAT,0.0,0.0,101.6,1426.0
783,2025-12-05 14:22:34,MAC,5.7,56.0,102.9,142.0
784,2025-12-05 14:25:35,AIR,2.1,28.0,102.2,889.0
785,2025-12-05 14:25:35,ICE,42.5,544.0,102.9,303.0
786,2025-12-05 14:25:35,WAT,0.0,0.0,101.6,1426.0
787,2025-12-05 14:25:35,MAC,5.7,56.0,102.9,142.0
788,2025-12-05 14:28:36,AIR,2.1,28.0,102.2,889.0
789,2025-12-05 14:28:36,ICE,42.5,544.0,102.9,303.0
790,2025-12-05 14:28:36,WAT,0.0,0.0,101.6,1426.0
791,2025-12-05 14:28:36,MAC,5.7,56.0,102.9,142.0
792,2025-12-05 14:31:37,AIR,2.1,28.0,102.2,889.0
793,2025-12-05 14:31:37,ICE,42.5,544.0,102.9,303.0
794,2025-12-05 14:31:37,WAT,0.0,0.0,101.6,1426.0
795,2025-12-05 14:31:37,MAC,5.7,56.0,102.9,142.0
796,2025-12-05 14:34:38,AIR,2.1,28.0,102.2,889.0
797,2025-12-05 14:34:38,ICE,42.5,544.0,102.9,303.0
798,2025-12-05 14:34:38,WAT,0.0,0.0,101.6,1426.0
799,2025-12-05 14:34:38,MAC,5.7,56.0,102.9,142.0
800,2025-12-05 14:37:39,AIR,2.1,28.0,102.2,889.0
801,2025-12-05 14:37:39,ICE,42.5,544.0,102.9,303.0
802,2025-12-05 14:37:39,WAT,0.0,0.0,101.6,1426.0
803,2025-12-05 14:37:39,MAC,5.7,56.0,102.9,142.0
804,2025-12-05 14:40:40,AIR,2.1,28.0,102.2,889.0
805,2025-12-05 14:40:40,ICE,42.5,544.0,102.9,303.0
806,2025-12-05 14:40:40,WAT,0.0,0.0,101.6,1426.0
807,2025-12-05 14:40:40,MAC,5.7,56.0,102.9,142.0
808,2025-12-05 14:43:41,AIR,2.1,28.0,102.2,889.0
809,2025-12-05 14:43:41,ICE,42.5,544.0,102.9,303.0
810,2025-12-05 14:43:41,WAT,0.0,0.0,101.6,1426.0
811,2025-12-05 14:43:41,MAC,5.7,56.0,102.9,142.0
812,2025-12-05 14:46:42,AIR,2.1,28.0,102.2,889.0
813,2025-12-05 14:46:42,ICE,42.5,544.0,102.9,303.0
814,2025-12-05 14:46:42,WAT,0.0,0.0,101.6,1426.0
815,2025-12-05 14:46:42,MAC,5.7,56.0,102.9,142.0
816,2025-12-05 14:49:43,AIR,2.1,28.0,102.2,889.0
817,2025-12-05 14:49:43,ICE,42.5,544.0,102.9,303.0
818,2025-12-05 14:49:43,WAT,0.0,0.0,101.6,1426.0
819,2025-12-05 14:49:43,MAC,5.7,56.0,102.9,142.0
820,2025-12-05 14:52:44,AIR,2.1,28.0,102.2,889.0
821,2025-12-05 14:52:44,ICE,42.5,544.0,102.9,303.0
822,2025-12-05 14:52:44,WAT,0.0,0.0,101.6,1426.0
823,2025-12-05 14:52:44,MAC,5.7,56.0,102.9,142.0
824,2025-12-05 14:55:45,AIR,2.1,28.0,102.2,889.0
825,2025-12-05 14:55:45,ICE,42.5,544.0,102.9,303.0
826,2025-12-05 14:55:45,WAT,0.0,0.0,101.6,1426.0
827,2025-12-05 14:55:45,MAC,5.7,56.0,102.9,142.0
828,2025-12-05 14:58:46,AIR,2.1,28.0,102.2,889.0
829,2025-12-05 14:58:46,ICE,42.5,544.0,102.9,303.0
830,2025-12-05 14:58:46,WAT,0.0,0.0,101.6,1426.0
831,2025-12-05 14:58:46,MAC,5.7,56.0,102.9,142.0
832,2025-12-05 15:01:47,AIR,2.1,28.0,102.2,889.0
833,2025-12-05 15:01:47,ICE,1.5,29.0,103.3,361.0
834,2025-12-05 15:01:47,WAT,0.0,0.0,101.6,1426.0
835,2025-12-05 15:01:47,MAC,5.7,56.0,102.9,142.0
836,2025-12-05 15:04:47,AIR,2.1,28.0,102.2,889.0
837,2025-12-05 15:04:47,ICE,1.5,29.0,103.3,361.0
838,2025-12-05 15:04:47,WAT,0.0,0.0,101.6,1426.0
839,2025-12-05 15:04:47,MAC,5.7,56.0,102.9,142.0
840,2025-12-05 15:07:48,AIR,2.1,28.0,102.2,889.0
841,2025-12-05 15:07:48,ICE,1.5,29.0,103.3,361.0
842,2025-12-05 15:07:48,WAT,0.0,0.0,101.6,1426.0
843,2025-12-05 15:07:48,MAC,5.7,56.0,102.9,142.0
844,2025-12-05 15:10:49,AIR,2.1,28.0,102.2,889.0
845,2025-12-05 15:10:49,ICE,1.5,29.0,103.3,361.0
846,2025-12-05 15:10:49,WAT,0.0,0.0,101.6,1426.0
847,2025-12-05 15:10:49,MAC,5.7,56.0,102.9,142.0
848,2025-12-05 15:13:50,AIR,2.1,28.0,102.2,889.0
849,2025-12-05 15:13:50,ICE,1.5,29.0,103.3,361.0
850,2025-12-05 15:13:50,WAT,0.0,0.0,101.6,1426.0
851,2025-12-05 15:13:50,MAC,5.7,56.0,102.9,142.0
852,2025-12-05 15:16:51,AIR,2.1,28.0,102.2,889.0
853,2025-12-05 15:16:51,ICE,1.5,29.0,103.3,361.0
854,2025-12-05 15:16:51,WAT,0.0,0.0,101.6,1426.0
855,2025-12-05 15:16:51,MAC,5.7,56.0,102.9,142.0
856,2025-12-05 15:19:52,AIR,2.1,28.0,102.2,889.0
857,2025-12-05 15:19:52,ICE,42.6,545.0,103.2,378.0
858,2025-12-05 15:19:52,WAT,0.0,0.0,101.6,1426.0
859,2025-12-05 15:19:52,MAC,5.7,56.0,102.9,142.0
860,2025-12-05 15:22:53,AIR,2.1,28.0,102.2,889.0
861,2025-12-05 15:22:53,ICE,42.6,545.0,103.2,378.0
862,2025-12-05 15:22:53,WAT,0.0,0.0,101.6,1426.0
863,2025-12-05 15:22:53,MAC,5.7,56.0,102.9,142.0
864,2025-12-05 15:25:54,AIR,2.1,28.0,102.2,889.0
865,2025-12-05 15:25:54,ICE,42.6,545.0,103.2,378.0
866,2025-12-05 15:25:54,WAT,0.0,0.0,101.6,1426.0
867,2025-12-05 15:25:54,MAC,5.7,56.0,102.9,142.0
868,2025-12-05 15:28:55,AIR,2.1,28.0,102.2,889.0
869,2025-12-05 15:28:55,ICE,42.6,545.0,103.2,378.0
870,2025-12-05 15:28:55,WAT,0.0,0.0,101.6,1426.0
871,2025-12-05 15:28:55,MAC,5.7,56.0,102.9,142.0
872,2025-12-05 15:31:56,AIR,2.1,28.0,102.2,889.0
873,2025-12-05 15:31:56,ICE,42.6,545.0,103.2,378.0
874,2025-12-05 15:31:56,WAT,0.0,0.0,101.6,1426.0
875,2025-12-05 15:31:56,MAC,5.7,56.0,102.9,142.0
876,2025-12-05 15:34:57,AIR,2.1,28.0,102.2,889.0
877,2025-12-05 15:34:57,ICE,42.6,545.0,103.2,378.0
878,2025-12-05 15:34:57,WAT,0.0,0.0,101.6,1426.0
879,2025-12-05 15:34:57,MAC,5.7,56.0,102.9,142.0
880,2025-12-05 15:37:58,AIR,2.1,28.0,102.2,889.0
881,2025-12-05 15:37:58,ICE,42.6,545.0,103.2,378.0
882,2025-12-05 15:37:58,WAT,0.0,0.0,101.6,1426.0
883,2025-12-05 15:37:58,MAC,5.7,56.0,102.9,142.0
884,2025-12-05 15:40:59,AIR,2.1,28.0,102.2,889.0
885,2025-12-05 15:40:59,ICE,42.6,545.0,103.2,378.0
886,2025-12-05 15:40:59,WAT,0.0,0.0,101.6,1426.0
887,2025-12-05 15:40:59,MAC,5.7,56.0,102.9,142.0
888,2025-12-05 15:44:00,AIR,2.1,28.0,102.2,889.0
889,2025-12-05 15:44:00,ICE,42.6,545.0,103.2,378.0
890,2025-12-05 15:44:00,WAT,0.0,0.0,101.6,1426.0
891,2025-12-05 15:44:00,MAC,5.7,56.0,102.9,142.0
892,2025-12-05 15:47:01,AIR,2.1,28.0,102.2,889.0
893,2025-12-05 15:47:01,ICE,42.6,545.0,103.2,378.0
894,2025-12-05 15:47:01,WAT,0.0,0.0,101.6,1426.0
895,2025-12-05 15:47:01,MAC,5.7,56.0,102.9,142.0
896,2025-12-05 15:50:02,AIR,2.1,28.0,102.2,889.0
897,2025-12-05 15:50:02,ICE,42.6,545.0,103.2,378.0
898,2025-12-05 15:50:02,WAT,0.0,0.0,101.6,1426.0
899,2025-12-05 15:50:02,MAC,5.7,56.0,102.9,142.0
900,2025-12-05 15:53:04,AIR,2.1,28.0,102.2,889.0
901,2025-12-05 15:53:04,ICE,42.6,545.0,103.2,378.0
902,2025-12-05 15:53:04,WAT,0.0,0.0,101.6,1426.0
903,2025-12-05 15:53:04,MAC,5.7,56.0,102.9,142.0
904,2025-12-05 15:56:05,AIR,2.1,28.0,102.2,889.0
905,2025-12-05 15:56:05,ICE,42.6,545.0,103.2,378.0
906,2025-12-05 15:56:05,WAT,0.0,0.0,101.6,1426.0
907,2025-12-05 15:56:05,MAC,5.7,56.0,102.9,142.0
908,2025-12-05 15:59:06,AIR,2.1,28.0,102.2,889.0
909,2025-12-05 15:59:06,ICE,42.6,545.0,103.2,378.0
910,2025-12-05 15:59:06,WAT,0.0,0.0,101.6,1426.0
911,2025-12-05 15:59:06,MAC,5.7,56.0,102.9,142.0
912,2025-12-05 16:02:07,AIR,2.1,28.0,102.2,889.0
913,2025-12-05 16:02:07,ICE,42.6,545.0,103.2,378.0
914,2025-12-05 16:02:07,WAT,0.0,0.0,101.6,1426.0
915,2025-12-05 16:02:07,MAC,5.7,56.0,102.9,142.0
916,2025-12-05 16:05:08,AIR,2.1,28.0,102.2,889.0
917,2025-12-05 16:05:08,ICE,42.6,545.0,103.2,378.0
918,2025-12-05 16:05:08,WAT,0.0,0.0,101.6,1426.0
919,2025-12-05 16:05:08,MAC,5.7,56.0,102.9,142.0
920,2025-12-05 16:08:09,AIR,2.1,28.0,102.2,889.0
921,2025-12-05 16:08:09,ICE,42.6,545.0,103.2,378.0
922,2025-12-05 16:08:09,WAT,0.0,0.0,101.6,1426.0
923,2025-12-05 16:08:09,MAC,5.7,56.0,102.9,142.0
924,2025-12-05 16:11:10,AIR,2.1,28.0,102.2,889.0
925,2025-12-05 16:11:10,ICE,42.6,545.0,103.2,378.0
926,2025-12-05 16:11:10,WAT,0.0,0.0,101.6,1426.0
927,2025-12-05 16:11:10,MAC,5.7,56.0,102.9,142.0
928,2025-12-05 16:14:11,AIR,2.1,28.0,102.2,889.0
929,2025-12-05 16:14:11,ICE,3.0,29.0,102.6,434.0
930,2025-12-05 16:14:11,WAT,0.0,0.0,101.6,1426.0
931,2025-12-05 16:14:11,MAC,5.7,56.0,102.9,142.0
932,2025-12-05 16:17:12,AIR,2.1,28.0,102.2,889.0
933,2025-12-05 16:17:12,ICE,3.0,29.0,102.6,434.0
934,2025-12-05 16:17:12,WAT,0.0,0.0,101.6,1426.0
935,2025-12-05 16:17:12,MAC,5.7,56.0,102.9,142.0
936,2025-12-05 16:20:13,AIR,2.1,28.0,102.2,889.0
937,2025-12-05 16:20:13,ICE,3.0,29.0,102.6,434.0
938,2025-12-05 16:20:13,WAT,0.0,0.0,101.6,1426.0
939,2025-12-05 16:20:13,MAC,5.7,56.0,102.9,142.0
940,2025-12-05 16:23:14,AIR,2.1,28.0,102.2,889.0
941,2025-12-05 16:23:14,ICE,3.0,29.0,102.6,434.0
942,2025-12-05 16:23:14,WAT,0.0,0.0,101.6,1426.0
943,2025-12-05 16:23:14,MAC,5.7,56.0,102.9,142.0
944,2025-12-05 16:26:15,AIR,2.1,28.0,102.2,889.0
945,2025-12-05 16:26:15,ICE,3.0,29.0,102.6,434.0
946,2025-12-05 16:26:15,WAT,0.0,0.0,101.6,1426.0
947,2025-12-05 16:26:15,MAC,5.7,56.0,102.9,142.0
948,2025-12-05 16:29:16,AIR,2.1,28.0,102.2,889.0
949,2025-12-05 16:29:16,ICE,3.0,29.0,102.6,434.0
950,2025-12-05 16:29:16,WAT,0.0,0.0,101.6,1426.0
951,2025-12-05 16:29:16,MAC,5.7,56.0,102.9,142.0
952,2025-12-05 16:32:17,AIR,2.1,28.0,102.2,889.0
953,2025-12-05 16:32:17,ICE,43.5,556.0,102.5,451.0
954,2025-12-05 16:32:17,WAT,0.0,0.0,101.6,1426.0
955,2025-12-05 16:32:17,MAC,5.7,56.0,102.9,142.0
956,2025-12-05 16:35:18,AIR,2.1,28.0,102.2,889.0
957,2025-12-05 16:35:18,ICE,43.5,556.0,102.5,451.0
958,2025-12-05 16:35:18,WAT,0.0,0.0,101.6,1426.0
959,2025-12-05 16:35:18,MAC,5.7,56.0,102.9,142.0
960,2025-12-05 16:38:19,AIR,2.1,28.0,102.2,889.0
961,2025-12-05 16:38:19,ICE,43.5,556.0,102.5,451.0
962,2025-12-05 16:38:19,WAT,0.0,0.0,101.6,1426.0
963,2025-12-05 16:38:19,MAC,5.7,56.0,102.9,142.0
964,2025-12-05 16:41:20,AIR,2.1,28.0,102.2,889.0
965,2025-12-05 16:41:20,ICE,43.5,556.0,102.5,451.0
966,2025-12-05 16:41:20,WAT,0.0,0.0,101.6,1426.0
967,2025-12-05 16:41:20,MAC,5.7,56.0,102.9,142.0
968,2025-12-05 16:44:21,AIR,2.1,28.0,102.2,889.0
969,2025-12-05 16:44:21,ICE,43.5,556.0,102.5,451.0
970,2025-12-05 16:44:21,WAT,0.0,0.0,101.6,1426.0
971,2025-12-05 16:44:21,MAC,5.7,56.0,102.9,142.0
972,2025-12-05 16:47:22,AIR,2.1,28.0,102.2,889.0
973,2025-12-05 16:47:22,ICE,43.5,556.0,102.5,451.0
974,2025-12-05 16:47:22,WAT,0.0,0.0,101.6,1426.0
975,2025-12-05 16:47:22,MAC,5.7,56.0,102.9,142.0
976,2025-12-05 16:50:23,AIR,2.1,28.0,102.2,889.0
977,2025-12-05 16:50:23,ICE,43.5,556.0,102.5,451.0
978,2025-12-05 16:50:23,WAT,0.0,0.0,101.6,1426.0
979,2025-12-05 16:50:23,MAC,5.7,56.0,102.9,142.0
980,2025-12-05 16:53:24,AIR,2.1,28.0,102.2,889.0
981,2025-12-05 16:53:24,ICE,43.5,556.0,102.5,451.0
982,2025-12-05 16:53:24,WAT,0.0,0.0,101.6,1426.0
983,2025-12-05 16:53:24,MAC,5.7,56.0,102.9,142.0
984,2025-12-05 16:56:25,AIR,2.1,28.0,102.2,889.0
985,2025-12-05 16:56:25,ICE,43.5,556.0,102.5,451.0
986,2025-12-05 16:56:25,WAT,0.0,0.0,101.6,1426.0
987,2025-12-05 16:56:25,MAC,5.7,56.0,102.9,142.0
988,2025-12-05 16:59:26,AIR,2.1,28.0,102.2,889.0
989,2025-12-05 16:59:26,ICE,43.5,556.0,102.5,451.0
990,2025-12-05 16:59:26,WAT,0.0,0.0,101.6,1426.0
991,2025-12-05 16:59:26,MAC,5.7,56.0,102.9,142.0
992,2025-12-05 17:02:27,AIR,2.1,28.0,102.2,889.0
993,2025-12-05 17:02:27,ICE,43.5,556.0,102.5,451.0
994,2025-12-05 17:02:27,WAT,0.0,0.0,101.6,1426.0
995,2025-12-05 17:02:27,MAC,5.7,56.0,102.9,142.0
996,2025-12-05 17:05:28,AIR,2.1,28.0,102.2,889.0
997,2025-12-05 17:05:28,ICE,43.5,556.0,102.5,451.0
998,2025-12-05 17:05:28,WAT,0.0,0.0,101.6,1426.0
999,2025-12-05 17:05:28,MAC,5.7,56.0,102.9,142.0
1000,2025-12-05 17:08:29,AIR,2.1,28.0,102.2,889.0
1001,2025-12-05 17:08:29,ICE,43.5,556.0,102.5,451.0
1002,2025-12-05 17:08:29,WAT,0.0,0.0,101.6,1426.0
1003,2025-12-05 17:08:29,MAC,5.7,56.0,102.9,142.0
1004,2025-12-05 17:11:30,AIR,2.1,28.0,102.2,889.0
1005,2025-12-05 17:11:30,ICE,43.5,556.0,102.5,451.0
1006,2025-12-05 17:11:30,WAT,0.0,0.0,101.6,1426.0
1007,2025-12-05 17:11:30,MAC,5.7,56.0,102.9,142.0
1008,2025-12-05 17:14:30,AIR,2.1,28.0,102.2,889.0
1009,2025-12-05 17:14:30,ICE,43.5,556.0,102.5,451.0
1010,2025-12-05 17:14:30,WAT,0.0,0.0,101.6,1426.0
1011,2025-12-05 17:14:30,MAC,5.7,56.0,102.9,142.0
1012,2025-12-05 17:17:31,AIR,2.1,28.0,102.2,889.0
1013,2025-12-05 17:17:31,ICE,43.5,556.0,102.5,451.0
1014,2025-12-05 17:17:31,WAT,0.0,0.0,101.6,1426.0
1015,2025-12-05 17:17:31,MAC,5.7,56.0,102.9,142.0
1016,2025-12-05 17:20:32,AIR,2.1,28.0,102.2,889.0
1017,2025-12-05 17:20:32,ICE,43.5,556.0,102.5,451.0
1018,2025-12-05 17:20:32,WAT,0.0,0.0,101.6,1426.0
1019,2025-12-05 17:20:32,MAC,5.7,56.0,102.9,142.0
1020,2025-12-05 17:23:33,AIR,2.1,28.0,102.2,889.0
1021,2025-12-05 17:23:33,ICE,43.5,556.0,102.5,451.0
1022,2025-12-05 17:23:33,WAT,0.0,0.0,101.6,1426.0
1023,2025-12-05 17:23:33,MAC,5.7,56.0,102.9,142.0
1024,2025-12-05 17:26:34,AIR,2.1,28.0,102.2,889.0
1025,2025-12-05 17:26:34,ICE,43.5,556.0,102.5,451.0
1026,2025-12-05 17:26:34,WAT,0.0,0.0,101.6,1426.0
1027,2025-12-05 17:26:34,MAC,5.7,56.0,102.9,142.0
1028,2025-12-05 17:29:35,AIR,2.1,28.0,102.2,889.0
1029,2025-12-05 17:29:35,ICE,1.5,30.0,102.9,507.0
1030,2025-12-05 17:29:35,WAT,0.0,0.0,101.6,1426.0
1031,2025-12-05 17:29:35,MAC,5.7,56.0,102.9,142.0
1032,2025-12-05 17:32:36,AIR,2.1,28.0,102.2,889.0
1033,2025-12-05 17:32:36,ICE,1.5,30.0,102.9,507.0
1034,2025-12-05 17:32:36,WAT,0.0,0.0,101.6,1426.0
1035,2025-12-05 17:32:36,MAC,5.7,56.0,102.9,142.0
1036,2025-12-05 17:35:37,AIR,2.1,28.0,102.2,889.0
1037,2025-12-05 17:35:37,ICE,1.5,30.0,102.9,507.0
1038,2025-12-05 17:35:37,WAT,0.0,0.0,101.6,1426.0
1039,2025-12-05 17:35:37,MAC,5.7,56.0,102.9,142.0
1040,2025-12-05 17:38:38,AIR,2.1,28.0,102.2,889.0
1041,2025-12-05 17:38:38,ICE,1.5,30.0,102.9,507.0
1042,2025-12-05 17:38:38,WAT,0.0,0.0,101.6,1426.0
1043,2025-12-05 17:38:38,MAC,5.7,56.0,102.9,142.0
1044,2025-12-05 17:41:39,AIR,2.1,28.0,102.2,889.0
1045,2025-12-05 17:41:39,ICE,1.5,30.0,102.9,507.0
1046,2025-12-05 17:41:39,WAT,0.0,0.0,101.6,1426.0
1047,2025-12-05 17:41:39,MAC,5.7,56.0,102.9,142.0
1048,2025-12-05 17:44:40,AIR,2.1,28.0,102.2,889.0
1049,2025-12-05 17:44:40,ICE,40.1,508.0,103.1,523.0
1050,2025-12-05 17:44:40,WAT,0.0,0.0,101.6,1426.0
1051,2025-12-05 17:44:40,MAC,5.7,56.0,102.9,142.0
1052,2025-12-05 17:47:41,AIR,2.1,28.0,102.2,889.0
1053,2025-12-05 17:47:41,ICE,40.1,508.0,103.1,523.0
1054,2025-12-05 17:47:41,WAT,0.0,0.0,101.6,1426.0
1055,2025-12-05 17:47:41,MAC,5.7,56.0,102.9,142.0
1056,2025-12-05 17:50:42,AIR,2.1,28.0,102.2,889.0
1057,2025-12-05 17:50:42,ICE,40.1,508.0,103.1,523.0
1058,2025-12-05 17:50:42,WAT,0.0,0.0,101.6,1426.0
1059,2025-12-05 17:50:42,MAC,5.7,56.0,102.9,142.0
1060,2025-12-05 17:53:43,AIR,2.1,28.0,102.2,889.0
1061,2025-12-05 17:53:43,ICE,40.1,508.0,103.1,523.0
1062,2025-12-05 17:53:43,WAT,0.0,0.0,101.6,1426.0
1063,2025-12-05 17:53:43,MAC,5.7,56.0,102.9,142.0
1064,2025-12-05 17:56:44,AIR,2.1,28.0,102.2,889.0
1065,2025-12-05 17:56:44,ICE,40.1,508.0,103.1,523.0
1066,2025-12-05 17:56:44,WAT,0.0,0.0,101.6,1426.0
1067,2025-12-05 17:56:44,MAC,5.7,56.0,102.9,142.0
1068,2025-12-05 17:59:45,AIR,2.1,28.0,102.2,889.0
1069,2025-12-05 17:59:45,ICE,40.1,508.0,103.1,523.0
1070,2025-12-05 17:59:45,WAT,0.0,0.0,101.6,1426.0
1071,2025-12-05 17:59:45,MAC,5.7,56.0,102.9,142.0
1072,2025-12-05 18:02:46,AIR,2.1,28.0,102.2,889.0
1073,2025-12-05 18:02:46,ICE,40.1,508.0,103.1,523.0
1074,2025-12-05 18:02:46,WAT,0.0,0.0,101.6,1426.0
1075,2025-12-05 18:02:46,MAC,5.7,56.0,102.9,142.0
1076,2025-12-05 18:05:47,AIR,2.1,28.0,102.2,889.0
1077,2025-12-05 18:05:47,ICE,40.1,508.0,103.1,523.0
1078,2025-12-05 18:05:47,WAT,0.0,0.0,101.6,1426.0
1079,2025-12-05 18:05:47,MAC,5.7,56.0,102.9,142.0
1080,2025-12-05 18:08:48,AIR,2.1,28.0,102.2,889.0
1081,2025-12-05 18:08:48,ICE,40.1,508.0,103.1,523.0
1082,2025-12-05 18:08:48,WAT,0.0,0.0,101.6,1426.0
1083,2025-12-05 18:08:48,MAC,5.7,56.0,102.9,142.0
1084,2025-12-05 18:11:49,AIR,2.1,28.0,102.2,889.0
1085,2025-12-05 18:11:49,ICE,40.1,508.0,103.1,523.0
1086,2025-12-05 18:11:49,WAT,0.0,0.0,101.6,1426.0
1087,2025-12-05 18:11:49,MAC,5.7,56.0,102.9,142.0
1088,2025-12-05 18:14:50,AIR,2.1,28.0,102.2,889.0
1089,2025-12-05 18:14:50,ICE,40.1,508.0,103.1,523.0
1090,2025-12-05 18:14:50,WAT,0.0,0.0,101.6,1426.0
1091,2025-12-05 18:14:50,MAC,5.7,56.0,102.9,142.0
1092,2025-12-05 18:17:51,AIR,2.1,28.0,102.2,889.0
1093,2025-12-05 18:17:51,ICE,40.1,508.0,103.1,523.0
1094,2025-12-05 18:17:51,WAT,0.0,0.0,101.6,1426.0
1095,2025-12-05 18:17:51,MAC,5.7,56.0,102.9,142.0
1096,2025-12-05 18:20:52,AIR,2.1,28.0,102.2,889.0
1097,2025-12-05 18:20:52,ICE,40.1,508.0,103.1,523.0
1098,2025-12-05 18:20:52,WAT,0.0,0.0,101.6,1426.0
1099,2025-12-05 18:20:52,MAC,5.7,56.0,102.9,142.0
1100,2025-12-05 18:23:53,AIR,2.1,28.0,102.2,889.0
1101,2025-12-05 18:23:53,ICE,40.1,508.0,103.1,523.0
1102,2025-12-05 18:23:53,WAT,0.0,0.0,101.6,1426.0
1103,2025-12-05 18:23:53,MAC,5.7,56.0,102.9,142.0
1104,2025-12-05 18:26:53,AIR,2.1,28.0,102.2,889.0
1105,2025-12-05 18:26:53,ICE,64.0,813.0,102.9,564.0
1106,2025-12-05 18:26:53,WAT,0.0,0.0,101.6,1426.0
1107,2025-12-05 18:26:53,MAC,5.7,56.0,102.9,142.0
1108,2025-12-05 18:29:54,AIR,2.1,28.0,102.2,889.0
1109,2025-12-05 18:29:54,ICE,64.0,813.0,102.9,564.0
1110,2025-12-05 18:29:54,WAT,0.0,0.0,101.6,1426.0
1111,2025-12-05 18:29:54,MAC,5.7,56.0,102.9,142.0
1112,2025-12-05 18:32:55,AIR,2.1,28.0,102.2,889.0
1113,2025-12-05 18:32:55,ICE,64.0,813.0,102.9,564.0
1114,2025-12-05 18:32:55,WAT,0.0,0.0,101.6,1426.0
1115,2025-12-05 18:32:55,MAC,5.7,56.0,102.9,142.0
1116,2025-12-05 18:35:57,AIR,2.1,28.0,102.2,889.0
1117,2025-12-05 18:35:57,ICE,64.0,813.0,102.9,564.0
1118,2025-12-05 18:35:57,WAT,0.0,0.0,101.6,1426.0
1119,2025-12-05 18:35:57,MAC,5.7,56.0,102.9,142.0
1120,2025-12-05 18:38:58,AIR,2.1,28.0,102.2,889.0
1121,2025-12-05 18:38:58,ICE,64.0,813.0,102.9,564.0
1122,2025-12-05 18:38:58,WAT,0.0,0.0,101.6,1426.0
1123,2025-12-05 18:38:58,MAC,5.7,56.0,102.9,142.0
1124,2025-12-05 18:41:59,AIR,2.1,28.0,102.2,889.0
1125,2025-12-05 18:41:59,ICE,64.0,813.0,102.9,564.0
1126,2025-12-05 18:41:59,WAT,0.0,0.0,101.6,1426.0
1127,2025-12-05 18:41:59,MAC,5.7,56.0,102.9,142.0
1128,2025-12-05 18:45:00,AIR,2.1,28.0,102.2,889.0
1129,2025-12-05 18:45:00,ICE,64.0,813.0,102.9,564.0
1130,2025-12-05 18:45:00,WAT,0.0,0.0,101.6,1426.0
1131,2025-12-05 18:45:00,MAC,5.7,56.0,102.9,142.0
1132,2025-12-05 18:48:01,AIR,2.1,28.0,102.2,889.0
1133,2025-12-05 18:48:01,ICE,64.0,813.0,102.9,564.0
1134,2025-12-05 18:48:01,WAT,0.0,0.0,101.6,1426.0
1135,2025-12-05 18:48:01,MAC,5.7,56.0,102.9,142.0
1136,2025-12-05 18:51:03,AIR,2.1,28.0,102.2,889.0
1137,2025-12-05 18:51:03,ICE,64.0,813.0,102.9,564.0
1138,2025-12-05 18:51:03,WAT,0.0,0.0,101.6,1426.0
1139,2025-12-05 18:51:03,MAC,5.7,56.0,102.9,142.0
1140,2025-12-05 18:54:04,AIR,2.1,28.0,102.2,889.0
1141,2025-12-05 18:54:04,ICE,64.0,813.0,102.9,564.0
1142,2025-12-05 18:54:04,WAT,0.0,0.0,101.6,1426.0
1143,2025-12-05 18:54:04,MAC,5.7,56.0,102.9,142.0
1144,2025-12-05 18:57:05,AIR,2.1,28.0,102.2,889.0
1145,2025-12-05 18:57:05,ICE,64.0,813.0,102.9,564.0
1146,2025-12-05 18:57:05,WAT,0.0,0.0,101.6,1426.0
1147,2025-12-05 18:57:05,MAC,5.7,56.0,102.9,142.0
1148,2025-12-05 19:00:06,AIR,2.1,28.0,102.2,889.0
1149,2025-12-05 19:00:06,ICE,64.0,813.0,102.9,564.0
1150,2025-12-05 19:00:06,WAT,0.0,0.0,101.6,1426.0
1151,2025-12-05 19:00:06,MAC,5.7,56.0,102.9,142.0
1152,2025-12-05 19:03:09,AIR,2.1,28.0,102.2,889.0
1153,2025-12-05 19:03:09,ICE,64.0,813.0,102.9,564.0
1154,2025-12-05 19:03:09,WAT,0.0,0.0,101.6,1426.0
1155,2025-12-05 19:03:09,MAC,5.7,56.0,102.9,142.0
1156,2025-12-05 19:06:10,AIR,2.1,28.0,102.2,889.0
1157,2025-12-05 19:06:10,ICE,64.0,813.0,102.9,564.0
1158,2025-12-05 19:06:10,WAT,0.0,0.0,101.6,1426.0
1159,2025-12-05 19:06:10,MAC,5.7,56.0,102.9,142.0
1160,2025-12-05 19:09:10,AIR,2.1,28.0,102.2,889.0
1161,2025-12-05 19:09:10,ICE,64.0,813.0,102.9,564.0
1162,2025-12-05 19:09:10,WAT,0.0,0.0,101.6,1426.0
1163,2025-12-05 19:09:10,MAC,5.7,56.0,102.9,142.0
1164,2025-12-05 19:12:11,AIR,2.1,28.0,102.2,889.0
1165,2025-12-05 19:12:11,ICE,64.0,813.0,102.9,564.0
1166,2025-12-05 19:12:11,WAT,0.0,0.0,101.6,1426.0
1167,2025-12-05 19:12:11,MAC,5.7,56.0,102.9,142.0
1168,2025-12-05 19:15:12,AIR,2.1,28.0,102.2,889.0
1169,2025-12-05 19:15:12,ICE,64.0,813.0,102.9,564.0
1170,2025-12-05 19:15:12,WAT,0.0,0.0,101.6,1426.0
1171,2025-12-05 19:15:12,MAC,5.7,56.0,102.9,142.0
1172,2025-12-05 19:18:13,AIR,2.1,28.0,102.2,889.0
1173,2025-12-05 19:18:13,ICE,64.0,813.0,102.9,564.0
1174,2025-12-05 19:18:13,WAT,0.0,0.0,101.6,1426.0
1175,2025-12-05 19:18:13,MAC,5.7,56.0,102.9,142.0
1176,2025-12-05 19:21:14,AIR,2.1,28.0,102.2,889.0
1177,2025-12-05 19:21:14,ICE,64.0,813.0,102.9,564.0
1178,2025-12-05 19:21:14,WAT,0.0,0.0,101.6,1426.0
1179,2025-12-05 19:21:14,MAC,5.7,56.0,102.9,142.0
1180,2025-12-05 19:24:15,AIR,2.1,28.0,102.2,889.0
1181,2025-12-05 19:24:15,ICE,64.0,813.0,102.9,564.0
1182,2025-12-05 19:24:15,WAT,0.0,0.0,101.6,1426.0
1183,2025-12-05 19:24:15,MAC,5.7,56.0,102.9,142.0
1184,2025-12-05 19:27:16,AIR,2.1,28.0,102.2,889.0
1185,2025-12-05 19:27:16,ICE,74.6,930.0,102.9,624.0
1186,2025-12-05 19:27:16,WAT,0.0,0.0,101.6,1426.0
1187,2025-12-05 19:27:16,MAC,5.7,56.0,102.9,142.0
1188,2025-12-05 19:30:17,AIR,2.1,28.0,102.2,889.0
1189,2025-12-05 19:30:17,ICE,74.6,930.0,102.9,624.0
1190,2025-12-05 19:30:17,WAT,0.0,0.0,101.6,1426.0
1191,2025-12-05 19:30:17,MAC,5.7,56.0,102.9,142.0
1192,2025-12-05 19:33:18,AIR,2.1,28.0,102.2,889.0
1193,2025-12-05 19:33:18,ICE,74.6,930.0,102.9,624.0
1194,2025-12-05 19:33:18,WAT,0.0,0.0,101.6,1426.0
1195,2025-12-05 19:33:18,MAC,5.7,56.0,102.9,142.0
1196,2025-12-05 19:36:19,AIR,2.1,28.0,102.2,889.0
1197,2025-12-05 19:36:19,ICE,74.6,930.0,102.9,624.0
1198,2025-12-05 19:36:19,WAT,0.0,0.0,101.6,1426.0
1199,2025-12-05 19:36:19,MAC,5.7,56.0,102.9,142.0
1200,2025-12-05 19:39:20,AIR,2.1,28.0,102.2,889.0
1201,2025-12-05 19:39:20,ICE,74.6,930.0,102.9,624.0
1202,2025-12-05 19:39:20,WAT,0.0,0.0,101.6,1426.0
1203,2025-12-05 19:39:20,MAC,5.7,56.0,102.9,142.0
1204,2025-12-05 19:42:21,AIR,2.1,28.0,102.2,889.0
1205,2025-12-05 19:42:21,ICE,74.6,930.0,102.9,624.0
1206,2025-12-05 19:42:21,WAT,0.0,0.0,101.6,1426.0
1207,2025-12-05 19:42:21,MAC,5.7,56.0,102.9,142.0
1208,2025-12-05 19:45:22,AIR,2.1,28.0,102.2,889.0
1209,2025-12-05 19:45:22,ICE,74.6,930.0,102.9,624.0
1210,2025-12-05 19:45:22,WAT,0.0,0.0,101.6,1426.0
1211,2025-12-05 19:45:22,MAC,5.7,56.0,102.9,142.0
1212,2025-12-05 19:48:23,AIR,2.1,28.0,102.2,889.0
1213,2025-12-05 19:48:23,ICE,74.6,930.0,102.9,624.0
1214,2025-12-05 19:48:23,WAT,0.0,0.0,101.6,1426.0
1215,2025-12-05 19:48:23,MAC,5.7,56.0,102.9,142.0
1216,2025-12-05 19:51:24,AIR,2.1,28.0,102.2,889.0
1217,2025-12-05 19:51:24,ICE,74.6,930.0,102.9,624.0
1218,2025-12-05 19:51:24,WAT,0.0,0.0,101.6,1426.0
1219,2025-12-05 19:51:24,MAC,5.7,56.0,102.9,142.0
1220,2025-12-05 19:54:25,AIR,2.1,28.0,102.2,889.0
1221,2025-12-05 19:54:25,ICE,85.0,1030.0,103.7,654.0
1222,2025-12-05 19:54:25,WAT,0.0,0.0,101.6,1426.0
1223,2025-12-05 19:54:25,MAC,5.7,56.0,102.9,142.0
1224,2025-12-05 19:57:26,AIR,2.1,28.0,102.2,889.0
1225,2025-12-05 19:57:26,ICE,85.0,1030.0,103.7,654.0
1226,2025-12-05 19:57:26,WAT,0.0,0.0,101.6,1426.0
1227,2025-12-05 19:57:26,MAC,5.7,56.0,102.9,142.0
1228,2025-12-05 20:00:27,AIR,2.1,28.0,102.2,889.0
1229,2025-12-05 20:00:27,ICE,85.0,1030.0,103.7,654.0
1230,2025-12-05 20:00:27,WAT,0.0,0.0,101.6,1426.0
1231,2025-12-05 20:00:27,MAC,5.7,56.0,102.9,142.0
1232,2025-12-05 20:03:27,AIR,2.1,28.0,102.2,889.0
1233,2025-12-05 20:03:27,ICE,85.0,1030.0,103.7,654.0
1234,2025-12-05 20:03:27,WAT,0.0,0.0,101.6,1426.0
1235,2025-12-05 20:03:27,MAC,5.7,56.0,102.9,142.0
1236,2025-12-05 20:06:28,AIR,2.1,28.0,102.2,889.0
1237,2025-12-05 20:06:28,ICE,74.9,921.0,102.9,665.0
1238,2025-12-05 20:06:28,WAT,0.0,0.0,101.6,1426.0
1239,2025-12-05 20:06:28,MAC,5.7,56.0,102.9,142.0
1240,2025-12-05 20:09:29,AIR,2.1,28.0,102.2,889.0
1241,2025-12-05 20:09:29,ICE,74.9,921.0,102.9,665.0
1242,2025-12-05 20:09:29,WAT,0.0,0.0,101.6,1426.0
1243,2025-12-05 20:09:29,MAC,5.7,56.0,102.9,142.0
1244,2025-12-05 20:12:30,AIR,2.1,28.0,102.2,889.0
1245,2025-12-05 20:12:30,ICE,74.9,921.0,102.9,665.0
1246,2025-12-05 20:12:30,WAT,0.0,0.0,101.6,1426.0
1247,2025-12-05 20:12:30,MAC,5.7,56.0,102.9,142.0
1248,2025-12-05 20:15:31,AIR,2.1,28.0,102.2,889.0
1249,2025-12-05 20:15:31,ICE,74.9,921.0,102.9,665.0
1250,2025-12-05 20:15:31,WAT,0.0,0.0,101.6,1426.0
1251,2025-12-05 20:15:31,MAC,5.7,56.0,102.9,142.0
1252,2025-12-05 20:18:32,AIR,2.1,28.0,102.2,889.0
1253,2025-12-05 20:18:32,ICE,74.9,921.0,102.9,665.0
1254,2025-12-05 20:18:32,WAT,0.0,0.0,101.6,1426.0
1255,2025-12-05 20:18:32,MAC,5.7,56.0,102.9,142.0
1256,2025-12-05 20:21:33,AIR,2.1,28.0,102.2,889.0
1257,2025-12-05 20:21:33,ICE,74.9,921.0,102.9,665.0
1258,2025-12-05 20:21:33,WAT,0.0,0.0,101.6,1426.0
1259,2025-12-05 20:21:33,MAC,5.7,56.0,102.9,142.0
1260,2025-12-05 20:24:34,AIR,2.1,28.0,102.2,889.0
1261,2025-12-05 20:24:34,ICE,86.8,1056.0,103.4,684.0
1262,2025-12-05 20:24:34,WAT,0.0,0.0,101.6,1426.0
1263,2025-12-05 20:24:34,MAC,5.7,56.0,102.9,142.0
1264,2025-12-05 20:27:35,AIR,2.1,28.0,102.2,889.0
1265,2025-12-05 20:27:35,ICE,86.8,1056.0,103.4,684.0
1266,2025-12-05 20:27:35,WAT,0.0,0.0,101.6,1426.0
1267,2025-12-05 20:27:35,MAC,5.7,56.0,102.9,142.0
1268,2025-12-05 20:30:36,AIR,2.1,28.0,102.2,889.0
1269,2025-12-05 20:30:36,ICE,142.4,1376.0,103.4,689.0
1270,2025-12-05 20:30:36,WAT,0.0,0.0,101.6,1426.0
1271,2025-12-05 20:30:36,MAC,5.7,56.0,102.9,142.0
